Ticker,Month,AvgDailyReturn
AAPL,2020-08,0.00956581288849894
AAPL,2022-07,0.008791748433940844
AAPL,2020-04,0.007338751580538861
AAPL,2020-07,0.007313660689212137
AAPL,2020-06,0.006459268964875687
AAPL,2024-05,0.005691975185593925
AAPL,2025-08,0.005552065519108125
AAPL,2023-01,0.005381029715844027
AAPL,2022-10,0.005296790455889234
AAPL,2023-11,0.005187803616332981
AAPL,2020-12,0.005093110035097745
AAPL,2024-06,0.005025386052941601
AAPL,2023-03,0.004976853919106377
AAPL,2021-11,0.004870222586103257
AAPL,2020-11,0.004719653672786978
AAPL,2025-09,0.004567507776722308
AAPL,2021-06,0.004349043312787374
AAPL,2023-06,0.004345268064110434
AAPL,2020-05,0.004162515593579419
AAPL,2021-04,0.003591201815606195
AAPL,2021-12,0.0034220332129781764
AAPL,2021-07,0.003095885510186744
AAPL,2021-10,0.002784686839857162
AAPL,2025-10,0.002710105747780397
AAPL,2022-03,0.002622292292723666
AAPL,2024-12,0.0026099024295422615
AAPL,2024-11,0.0025666907461082576
AAPL,2024-07,0.0025263343482897493
AAPL,2023-05,0.002123606997346014
AAPL,2021-08,0.001956504222952056
AAPL,2025-11,0.00172127685233427
AAPL,2020-01,0.001652941845314021
AAPL,2023-04,0.0015797634254350937
AAPL,2024-08,0.0015488849705986953
AAPL,2025-02,0.001472714776450466
AAPL,2023-02,0.0013358482871547348
AAPL,2025-06,0.0011274547243938671
AAPL,2024-09,0.0009700565723585797
AAPL,2023-12,0.0007137702912039135
AAPL,2023-07,0.0006637592592828534
AAPL,2021-03,0.0005744595899964532
AAPL,2025-07,0.0005679540367720872
AAPL,2021-01,-1.310192845992372e-05
AAPL,2023-10,-6.56112210981002e-05
AAPL,2024-04,-0.0002008725525495197
AAPL,2022-01,-0.0005661445883883287
AAPL,2024-02,-0.0009065197121086943
AAPL,2025-04,-0.0009618341547884493
AAPL,2025-12,-0.00112669116934873
AAPL,2022-11,-0.0011794558824016529
AAPL,2022-08,-0.0012517541143843701
AAPL,2024-10,-0.0012588637682995631
AAPL,2020-03,-0.0012614910689658365
AAPL,2023-08,-0.0017539947335798783
AAPL,2024-01,-0.0019429485202534461
AAPL,2022-05,-0.002199878996907492
AAPL,2025-05,-0.0024086829939408507
AAPL,2020-10,-0.002443102381073027
AAPL,2021-05,-0.002469628823996045
AAPL,2024-03,-0.002509267522809555
AAPL,2025-01,-0.0027848526201612934
AAPL,2022-02,-0.0028131569318427616
AAPL,2021-09,-0.003267095419099277
AAPL,2022-06,-0.0037533314185444607
AAPL,2025-03,-0.003860794218876925
AAPL,2021-02,-0.004268714798125348
AAPL,2023-09,-0.004533588992664217
AAPL,2020-09,-0.0045641843615094576
AAPL,2022-04,-0.004878196893419562
AAPL,2022-09,-0.005864372768532747
AAPL,2022-12,-0.006032692498747229
AAPL,2020-02,-0.006108861569917716
AMZN,2022-07,0.012585288431351833
AMZN,2020-04,0.011724874399308112
AMZN,2023-01,0.010565146691529631
AMZN,2024-02,0.006762780679548058
AMZN,2020-07,0.006667961392554802
AMZN,2023-05,0.006268244034573075
AMZN,2024-11,0.005732516911277452
AMZN,2020-06,0.005665950894797161
AMZN,2021-04,0.005508913571815847
AMZN,2025-05,0.0052857602743348
AMZN,2025-10,0.00496382059665322
AMZN,2024-06,0.004913013293572709
AMZN,2023-11,0.004530587481107245
AMZN,2020-08,0.004262882990624384
AMZN,2023-03,0.004163632388755153
AMZN,2025-01,0.004102813527388638
AMZN,2023-06,0.0038746098567211834
AMZN,2025-06,0.003499931506484882
AMZN,2021-06,0.003025257712475819
AMZN,2020-01,0.0030085534966566574
AMZN,2025-07,0.003003595158250307
AMZN,2022-03,0.00291934933956934
AMZN,2024-12,0.002712865266051301
AMZN,2023-10,0.0024215401366908806
AMZN,2020-11,0.0023911883970810623
AMZN,2020-03,0.0023774428279558727
AMZN,2024-09,0.0022898760059477607
AMZN,2022-02,0.0021791375717202448
AMZN,2023-12,0.0020325909140352038
AMZN,2021-11,0.002024883454644519
AMZN,2021-08,0.00196602295752931
AMZN,2023-08,0.001628942751731716
AMZN,2023-07,0.0013877512343431376
AMZN,2023-04,0.0013791891146051995
AMZN,2021-10,0.0013637401486464068
AMZN,2020-12,0.0013357547901656068
AMZN,2024-01,0.0011035809419297916
AMZN,2024-03,0.0010856995739595143
AMZN,2024-05,0.0004391122300420552
AMZN,2021-03,0.00015034933466628392
AMZN,2024-10,0.00011867832147218953
AMZN,2025-12,-0.00041682379252455155
AMZN,2020-05,-0.0004266529225376792
AMZN,2025-04,-0.0006395679770488885
AMZN,2021-01,-0.000683169545157949
AMZN,2025-08,-0.0007645731238167622
AMZN,2022-05,-0.0009301103213278953
AMZN,2024-04,-0.0012413254497435052
AMZN,2020-10,-0.0013379618614873196
AMZN,2021-07,-0.0013383614458624443
AMZN,2024-07,-0.0013781571211731079
AMZN,2021-02,-0.0017578063398901007
AMZN,2024-08,-0.0017596751047614277
AMZN,2025-09,-0.001863128598860408
AMZN,2022-11,-0.002143472655333735
AMZN,2021-12,-0.002198578928581239
AMZN,2025-11,-0.0022020828846217237
AMZN,2022-08,-0.0024931245671769176
AMZN,2021-09,-0.002560864195045188
AMZN,2020-02,-0.003196250387823206
AMZN,2021-05,-0.0035492819803525644
AMZN,2023-09,-0.003906373519075751
AMZN,2020-09,-0.003994013600157635
AMZN,2022-10,-0.004145688437777121
AMZN,2023-02,-0.004298513450093524
AMZN,2025-03,-0.004985919977227373
AMZN,2022-01,-0.005140570289579099
AMZN,2022-09,-0.005167236534916152
AMZN,2022-06,-0.0053559191060527514
AMZN,2025-02,-0.005790677040169287
AMZN,2022-12,-0.006391932998541107
AMZN,2022-04,-0.012672285182314464
GOOGL,2020-04,0.0076069101142496745
GOOGL,2025-11,0.007142073731232639
GOOGL,2025-09,0.006630796906442468
GOOGL,2025-10,0.0064847618888054185
GOOGL,2021-04,0.006418566779444566
GOOGL,2023-03,0.006344691521872376
GOOGL,2023-05,0.006302565769467391
GOOGL,2023-01,0.005900598809524505
GOOGL,2024-12,0.005726974091736149
GOOGL,2021-02,0.005549754575494115
GOOGL,2023-07,0.005374027443132617
GOOGL,2025-08,0.005040103511878368
GOOGL,2021-10,0.0050180515401559034
GOOGL,2021-07,0.004793071809409191
GOOGL,2020-10,0.004708989215393079
GOOGL,2024-03,0.004447944461613518
GOOGL,2020-08,0.004401165356874541
GOOGL,2020-11,0.004249746357128303
GOOGL,2025-05,0.004007284604775523
GOOGL,2025-07,0.003941855005140125
GOOGL,2025-01,0.003891871023191301
GOOGL,2024-04,0.0037890294578112175
GOOGL,2022-07,0.0037044682715096145
GOOGL,2022-11,0.0036158393982969475
GOOGL,2021-08,0.0032798493325695136
GOOGL,2020-05,0.0032097948407301736
GOOGL,2023-11,0.003205079033425701
GOOGL,2024-06,0.0029894992900749823
GOOGL,2023-12,0.0027545205340516687
GOOGL,2024-05,0.00268917304421233
GOOGL,2021-01,0.002432196606832605
GOOGL,2020-01,0.002355135304412731
GOOGL,2020-07,0.0023155897009445566
GOOGL,2023-04,0.0019494988395248063
GOOGL,2025-04,0.0016992467750241462
GOOGL,2021-06,0.001641178854580826
GOOGL,2025-06,0.0015053705625145187
GOOGL,2022-03,0.0014848676007098475
GOOGL,2024-10,0.001433141002651833
GOOGL,2023-08,0.0012116332984937485
GOOGL,2021-03,0.001023973515286308
GOOGL,2021-12,0.0010106388331658576
GOOGL,2024-09,0.0009464292265884633
GOOGL,2024-01,0.00034984856271978525
GOOGL,2022-02,0.00025541545276563937
GOOGL,2022-05,0.00019469333960691904
GOOGL,2021-05,0.0001754984468472387
GOOGL,2020-12,1.227840385805499e-05
GOOGL,2022-10,-0.00014948792675188263
GOOGL,2020-06,-0.0003077294006981403
GOOGL,2024-11,-0.0004556587947391
GOOGL,2024-02,-0.0004685149141877121
GOOGL,2025-12,-0.0009091940563552912
GOOGL,2023-06,-0.0011348106425403853
GOOGL,2022-06,-0.001721903061810642
GOOGL,2023-09,-0.0019088216611543862
GOOGL,2021-11,-0.0019099325356633369
GOOGL,2024-08,-0.0020955476577552397
GOOGL,2023-10,-0.0021032245127408896
GOOGL,2024-07,-0.0025645578178241494
GOOGL,2022-08,-0.0029716948693767377
GOOGL,2022-01,-0.0032364111834904175
GOOGL,2020-02,-0.00331344802173828
GOOGL,2021-09,-0.0036939054196937003
GOOGL,2025-03,-0.004287425962537215
GOOGL,2023-02,-0.004398838679253473
GOOGL,2020-09,-0.0047924105987164475
GOOGL,2020-03,-0.0050636962497107385
GOOGL,2022-09,-0.005675799676238584
GOOGL,2022-12,-0.0062686904257433585
GOOGL,2025-02,-0.00924658439836619
GOOGL,2022-04,-0.00955510335480877
META,2024-02,0.01253307710371342
META,2022-11,0.01200281070606309
META,2023-01,0.010921177485152134
META,2020-04,0.010332369708670358
META,2023-02,0.00990693114218899
META,2023-03,0.008685284672584462
META,2025-01,0.00833022504642777
META,2025-05,0.00815362567545318
META,2020-08,0.007264059157386535
META,2023-04,0.007157817149784666
META,2025-06,0.006740792693443543
META,2021-03,0.006093067920191182
META,2023-07,0.005487688581034373
META,2020-07,0.005317859603735557
META,2020-05,0.004912730366560947
META,2021-04,0.004911394540997623
META,2024-09,0.0048384999079380655
META,2024-01,0.004754649042258366
META,2023-05,0.004482624613638106
META,2024-08,0.0044456354411545555
META,2024-06,0.00422858500245048
META,2023-12,0.004046140028190088
META,2023-11,0.004024459121843597
META,2023-06,0.004001198249229583
META,2024-05,0.0038180447262032543
META,2021-08,0.002920243633432755
META,2020-11,0.002879621240923419
META,2022-03,0.0027274387526745893
META,2021-06,0.0026567145780291845
META,2025-07,0.0024589058426614466
META,2021-12,0.001832176807349408
META,2022-08,0.001369830843541007
META,2021-07,0.0013233880229000278
META,2022-12,0.0012875918526300493
META,2024-12,0.0011212263501329824
META,2025-12,0.0009663466014682658
META,2023-09,0.0008490547361056644
META,2020-06,0.0007728659518983998
META,2021-05,0.0007011547144098352
META,2024-11,0.0006986359786397056
META,2020-10,0.0006338671363416451
META,2023-10,0.00038580419339866043
META,2021-11,0.0002982338398585659
META,2025-11,0.00012459720517103042
META,2022-07,2.719611718712822e-05
META,2021-02,-3.642239463522303e-05
META,2025-09,-0.00018891218199514257
META,2024-10,-0.0002449853931617852
META,2024-03,-0.00027922618387222207
META,2020-12,-0.0005156038499623539
META,2022-05,-0.000990265546873891
META,2025-04,-0.0012635480089900103
META,2025-02,-0.0015158639608341407
META,2020-01,-0.0017200033661776525
META,2021-10,-0.0020322443100777364
META,2025-08,-0.002046945452366288
META,2020-02,-0.0023302716224825313
META,2024-07,-0.0023610596755551157
META,2021-01,-0.0026669156146333917
META,2023-08,-0.0030589299160702294
META,2022-01,-0.0032941872568034826
META,2022-04,-0.0040040894918617394
META,2020-03,-0.004811509796721019
META,2025-10,-0.0049965549887994445
META,2024-04,-0.0050821030340691305
META,2020-09,-0.005127795784071732
META,2021-09,-0.005173262110385533
META,2025-03,-0.006632899763193219
META,2022-06,-0.007977232835469446
META,2022-09,-0.008235627142178
META,2022-10,-0.015713077483738742
META,2022-02,-0.018195912566262056
MSFT,2021-10,0.007848971645643814
MSFT,2025-05,0.0075353284699131535
MSFT,2020-04,0.006494408760595879
MSFT,2023-03,0.006443163043396007
MSFT,2023-11,0.005602487930993193
MSFT,2022-11,0.0050236210079162335
MSFT,2020-06,0.004963645414866219
MSFT,2020-08,0.0048451392395714955
MSFT,2022-07,0.004691348793032085
MSFT,2024-06,0.0039276445137123965
MSFT,2025-06,0.0038975998396396537
MSFT,2021-06,0.00375096353214382
MSFT,2023-04,0.0035875190176644675
MSFT,2021-04,0.0032949619875706692
MSFT,2023-10,0.0032416406795543677
MSFT,2025-07,0.0032412627928859916
MSFT,2023-05,0.0032032098637662654
MSFT,2020-11,0.003091348231979052
MSFT,2024-05,0.003069126722184487
MSFT,2020-01,0.0029892466179873233
MSFT,2025-04,0.0028642344502961283
MSFT,2021-08,0.0027613731711657696
MSFT,2024-01,0.0027120536481283685
MSFT,2021-07,0.0024423392036987137
MSFT,2021-01,0.0023699720515126866
MSFT,2024-11,0.0022301020991966404
MSFT,2024-02,0.0021492844637706677
MSFT,2023-06,0.0018444438906951102
MSFT,2023-01,0.0018408806522213828
MSFT,2020-12,0.001790294294601485
MSFT,2024-09,0.001617609777471446
MSFT,2022-03,0.0015730407040837396
MSFT,2020-05,0.0013375086193748997
MSFT,2025-09,0.001095148039114908
MSFT,2020-03,0.001082226856766995
MSFT,2024-03,0.0009356369661857933
MSFT,2021-12,0.0009202959161045157
MSFT,2021-03,0.0007594565887817131
MSFT,2023-02,0.0006864378253683339
MSFT,2020-07,0.0004974256206563605
MSFT,2021-02,0.0002994986378322085
MSFT,2022-10,0.00029655590562827603
MSFT,2025-10,5.381016977773731e-05
MSFT,2024-08,2.2521755166578355e-05
MSFT,2021-11,-4.947331571927177e-06
MSFT,2024-12,-0.00014599241784923623
MSFT,2021-05,-0.00029050073520636157
MSFT,2023-12,-0.0003396282862905997
MSFT,2023-07,-0.000529048624838696
MSFT,2025-01,-0.0005559209745859828
MSFT,2022-05,-0.000582822659917725
MSFT,2025-12,-0.000723847492933315
MSFT,2023-08,-0.000919895828841357
MSFT,2020-10,-0.0015464586171015447
MSFT,2022-02,-0.001758880634816726
MSFT,2023-09,-0.0017956986624879379
MSFT,2020-02,-0.0021225342542683613
MSFT,2025-02,-0.002188411412623171
MSFT,2025-08,-0.0023256560197416356
MSFT,2024-10,-0.002366420740691319
MSFT,2022-06,-0.002458939552794568
MSFT,2025-11,-0.002502758668627568
MSFT,2025-03,-0.0025373485601413066
MSFT,2022-12,-0.0028169877536971984
MSFT,2022-08,-0.002888657372556599
MSFT,2024-07,-0.0028975015600148217
MSFT,2020-09,-0.0029885971413013755
MSFT,2021-09,-0.0031843879807141712
MSFT,2024-04,-0.0034281032146239302
MSFT,2022-01,-0.0037260447463647985
MSFT,2022-04,-0.004939873688382307
MSFT,2022-09,-0.005348331138156777
NVDA,2023-05,0.015584283094708233
NVDA,2023-01,0.015197742633555455
NVDA,2024-02,0.013469716926225218
NVDA,2021-11,0.012497107185705894
NVDA,2022-11,0.011770411614402917
NVDA,2024-05,0.011359597097174844
NVDA,2020-08,0.011342254603819065
NVDA,2024-01,0.010599301075160928
NVDA,2025-05,0.010589431097079952
NVDA,2021-10,0.010325660624546344
NVDA,2020-05,0.010123728975383411
NVDA,2023-02,0.010059471617984227
NVDA,2021-06,0.009671888712318938
NVDA,2022-07,0.009595972839843703
NVDA,2023-03,0.008074485037254879
NVDA,2025-06,0.007960079005420733
NVDA,2020-02,0.007848692841658877
NVDA,2024-03,0.007103524989854443
NVDA,2024-06,0.006844341185176587
NVDA,2023-11,0.006721839583173247
NVDA,2021-08,0.00654347680837224
NVDA,2021-04,0.005920446184032487
NVDA,2020-04,0.005849198059780654
NVDA,2022-03,0.005824835707473497
NVDA,2022-10,0.005722656413175676
NVDA,2023-06,0.00565559678208546
NVDA,2025-07,0.0055334348487388
NVDA,2020-07,0.005273148687297154
NVDA,2023-07,0.005168104800865186
NVDA,2021-05,0.0042749309131765115
NVDA,2024-10,0.004188943790222079
NVDA,2020-11,0.0038200938656837214
NVDA,2025-10,0.003811549919901412
NVDA,2025-09,0.0034809813304066245
NVDA,2020-06,0.003380843005883962
NVDA,2021-02,0.0033692189246396585
NVDA,2023-12,0.0030090087633131814
NVDA,2023-08,0.0028742239651593795
NVDA,2025-02,0.0026472963682702775
NVDA,2025-12,0.0025488046791820596
NVDA,2024-11,0.002311579322784474
NVDA,2020-03,0.0021092216170678964
NVDA,2025-04,0.0017383531793932034
NVDA,2024-08,0.0017256312823165643
NVDA,2022-05,0.0015505221343133078
NVDA,2024-09,0.001489729711874943
NVDA,2020-09,0.001331936194071179
NVDA,2022-02,0.0007297596973570838
NVDA,2023-04,0.0001045565573277437
NVDA,2021-01,9.679795427089557e-05
NVDA,2020-01,-0.0005608934474801375
NVDA,2021-03,-0.000629435938628317
NVDA,2025-08,-0.0008701310846754904
NVDA,2021-07,-0.000978958431371561
NVDA,2020-12,-0.001102595635974777
NVDA,2024-12,-0.0011718245980535233
NVDA,2024-04,-0.0013985256390197703
NVDA,2024-07,-0.0015115531882196054
NVDA,2023-10,-0.0026174387864307106
NVDA,2020-10,-0.0031587944290160097
NVDA,2021-09,-0.00351564305405983
NVDA,2021-12,-0.0040225102812111195
NVDA,2025-01,-0.004133331735310214
NVDA,2025-03,-0.006068019650544969
NVDA,2023-09,-0.006154143223210151
NVDA,2022-12,-0.006406773849948324
NVDA,2025-11,-0.00670759390198056
NVDA,2022-08,-0.007372186438583419
NVDA,2022-01,-0.008540067519205852
NVDA,2022-06,-0.009116269299966683
NVDA,2022-09,-0.009760863359885453
NVDA,2022-04,-0.01840381811125571
SPY,2020-04,0.006014764250285666
SPY,2020-11,0.005225766996502334
SPY,2022-07,0.004483066834921873
SPY,2023-11,0.004194596133442535
SPY,2022-10,0.003874282969434484
SPY,2021-10,0.003256666031413983
SPY,2020-08,0.003230590093098435
SPY,2023-01,0.0031058555790085263
SPY,2023-06,0.003015117865967463
SPY,2025-05,0.002960440620993855
SPY,2024-11,0.0029268068820989647
SPY,2022-11,0.0027245068191181724
SPY,2020-07,0.0026366584797358054
SPY,2024-02,0.0025744337804583127
SPY,2025-06,0.0025272389146144157
SPY,2021-04,0.0024789256138036003
SPY,2020-05,0.0024246392048690667
SPY,2024-05,0.002262370988539017
SPY,2023-12,0.0022516305657856563
SPY,2021-12,0.0021112162768394368
SPY,2021-03,0.0019826352651402365
SPY,2024-06,0.0018341638021106027
SPY,2022-03,0.0017090683722205558
SPY,2025-09,0.0016778187911937748
SPY,2020-12,0.001669005693232291
SPY,2023-03,0.0016466916649641992
SPY,2024-03,0.0016280596007560654
SPY,2023-07,0.0016237535746994269
SPY,2021-02,0.001483394828420847
SPY,2025-01,0.0013626279667510622
SPY,2021-08,0.0013469003042638206
SPY,2021-07,0.001173559282850049
SPY,2024-08,0.0011198108384958322
SPY,2024-09,0.001075029580051623
SPY,2025-10,0.0010606432427800485
SPY,2025-07,0.0010436872183423645
SPY,2021-06,0.0010226295241800196
SPY,2025-08,0.000994749571489045
SPY,2020-06,0.0009589297520960191
SPY,2023-04,0.0008617021190840255
SPY,2024-01,0.0007762909611825643
SPY,2024-07,0.0005864191464148647
SPY,2021-05,0.000364529484305931
SPY,2022-05,0.0002933138957205626
SPY,2023-05,0.0002402356140366526
SPY,2025-11,0.00014687543395911087
SPY,2025-04,9.951995522267903e-05
SPY,2025-12,5.0490472791027546e-05
SPY,2021-11,-0.0003528443251711522
SPY,2024-10,-0.0003660850798097159
SPY,2020-01,-0.0004582555553886036
SPY,2021-01,-0.00048623004426084915
SPY,2025-02,-0.0006397306928218313
SPY,2023-08,-0.000683409635292632
SPY,2023-10,-0.0009600416053153659
SPY,2020-10,-0.0010680847162800146
SPY,2024-12,-0.0011199654448423699
SPY,2023-02,-0.0012937051598609596
SPY,2022-02,-0.0014808116929157073
SPY,2020-09,-0.0017018025449621055
SPY,2022-08,-0.0017384957603486168
SPY,2024-04,-0.001835984797304523
SPY,2021-09,-0.0022392005684280687
SPY,2023-09,-0.002404318125904159
SPY,2022-01,-0.00263981702980009
SPY,2025-03,-0.002645106097057582
SPY,2022-12,-0.0027610962743863654
SPY,2022-06,-0.00392237129314972
SPY,2020-02,-0.004212213220164798
SPY,2022-04,-0.00446443645815075
SPY,2022-09,-0.004499417080313164
SPY,2020-03,-0.00450947666719568
