CLIENT_ID,LIMIT_BAL,RecentDelinquencyCount,SevereDelinquencyCount,MaxRepaymentDelay,DEFAULT
1992,580000,6,6,6,0
25847,510000,6,6,8,1
4766,500000,6,5,2,1
6042,500000,6,6,2,1
15576,500000,6,6,2,1
25032,500000,6,6,3,1
9189,460000,6,6,5,1
20975,460000,6,6,2,1
22740,460000,6,6,3,1
12667,430000,6,6,2,1
19581,430000,6,6,2,1
2167,400000,6,6,3,1
10137,400000,6,6,2,0
11034,400000,6,5,2,1
12960,400000,6,6,7,1
18026,400000,6,6,2,0
13472,390000,6,6,2,1
4340,380000,6,6,2,0
9105,380000,6,6,2,1
19181,380000,6,4,2,0
22606,380000,6,6,2,0
989,360000,6,6,2,0
9756,360000,6,5,7,0
15419,360000,6,6,3,1
17235,360000,6,6,3,1
1250,350000,6,6,7,1
7045,350000,6,6,3,1
20238,350000,6,6,7,1
22637,350000,6,6,3,1
3046,330000,6,5,2,0
4336,330000,6,6,8,1
72,320000,6,6,2,1
11053,320000,6,5,2,0
13437,320000,6,6,2,1
13554,320000,6,6,4,1
22183,320000,6,5,2,1
23150,320000,6,6,2,0
29807,320000,6,6,2,1
4188,310000,6,5,2,1
17773,310000,6,6,2,0
7551,300000,6,5,2,1
7852,300000,6,5,5,1
11733,300000,6,6,2,1
12143,300000,6,5,2,0
13181,300000,6,5,2,1
19711,300000,6,6,2,0
19966,300000,6,6,3,1
21304,300000,6,6,2,1
27197,300000,6,6,2,1
27460,300000,6,6,2,1
22859,290000,6,6,2,1
113,280000,6,6,3,0
649,280000,6,6,2,1
3457,280000,6,5,2,1
10738,280000,6,6,2,1
12210,280000,6,6,3,1
12949,280000,6,6,2,1
18021,280000,6,6,2,1
23696,280000,6,6,4,1
24235,280000,6,6,2,0
436,270000,6,5,2,1
1133,270000,6,6,4,0
1373,270000,6,6,5,0
7526,270000,6,6,4,1
7806,270000,6,6,2,1
16945,270000,6,6,4,0
20708,270000,6,6,2,1
7575,260000,6,5,2,1
11068,260000,6,6,2,1
12012,260000,6,6,2,1
12796,260000,6,5,2,1
13736,260000,6,6,2,1
16678,260000,6,6,2,1
29769,260000,6,6,2,0
11491,250000,6,2,2,1
12709,250000,6,5,2,0
14942,250000,6,6,2,1
16682,250000,6,6,2,1
19247,250000,6,6,2,1
27168,250000,6,6,3,1
27511,250000,6,6,3,1
2737,240000,6,5,2,1
3990,240000,6,5,2,1
6578,240000,6,6,3,1
9278,240000,6,6,2,0
13778,240000,6,6,2,1
14554,240000,6,6,4,1
16721,240000,6,6,2,0
23588,240000,6,6,3,1
23626,240000,6,6,2,1
26274,240000,6,6,2,1
27554,240000,6,5,4,1
1433,230000,6,6,2,1
1707,230000,6,6,2,0
2079,230000,6,5,2,0
3093,230000,6,6,2,0
3210,230000,6,5,3,0
13049,230000,6,5,2,0
13282,230000,6,6,2,0
21059,230000,6,5,2,1
21691,230000,6,5,3,0
22076,230000,6,6,2,1
25566,230000,6,6,2,1
28654,230000,6,6,2,1
28849,230000,6,6,3,1
1957,220000,6,6,2,1
3537,220000,6,6,6,1
6683,220000,6,6,2,1
8767,220000,6,6,7,1
9284,220000,6,5,2,1
10533,220000,6,6,4,1
12930,220000,6,5,2,0
16688,220000,6,6,4,1
16778,220000,6,6,2,1
23020,220000,6,6,8,1
26723,220000,6,5,2,1
28821,220000,6,6,3,1
159,210000,6,6,6,1
1429,210000,6,6,2,1
4859,210000,6,6,2,1
18146,210000,6,6,2,1
20974,210000,6,6,2,1
29957,210000,6,6,3,1
91,200000,6,6,2,1
188,200000,6,6,2,1
2324,200000,6,6,7,1
2756,200000,6,6,7,1
4579,200000,6,5,2,1
5078,200000,6,6,2,0
5389,200000,6,6,2,1
6043,200000,6,5,3,1
6579,200000,6,6,2,1
6720,200000,6,5,2,1
6934,200000,6,5,2,0
7784,200000,6,6,2,1
8120,200000,6,6,4,1
8271,200000,6,5,4,0
9014,200000,6,6,2,1
9915,200000,6,5,3,0
10332,200000,6,5,2,1
10384,200000,6,6,2,1
10911,200000,6,6,6,0
11200,200000,6,6,7,1
13704,200000,6,6,2,1
14077,200000,6,6,2,1
14641,200000,6,6,2,1
16028,200000,6,6,3,1
17307,200000,6,5,3,1
17834,200000,6,6,2,1
17938,200000,6,6,3,1
18880,200000,6,5,2,1
19154,200000,6,5,2,1
20589,200000,6,5,2,1
20854,200000,6,5,3,1
20885,200000,6,6,7,1
20995,200000,6,6,3,1
21080,200000,6,6,2,0
21203,200000,6,6,2,0
22591,200000,6,6,2,0
23319,200000,6,5,2,0
24134,200000,6,6,4,1
24208,200000,6,6,2,1
24265,200000,6,6,4,0
24324,200000,6,6,3,1
25856,200000,6,6,2,1
26541,200000,6,6,3,0
26778,200000,6,6,3,1
27115,200000,6,6,2,1
27252,200000,6,6,2,1
28502,200000,6,6,2,1
29254,200000,6,5,2,1
29268,200000,6,6,2,1
615,190000,6,5,2,0
677,190000,6,6,2,1
1518,190000,6,6,2,1
5176,190000,6,6,2,1
5811,190000,6,6,2,1
8186,190000,6,5,2,1
12340,190000,6,6,2,1
18229,190000,6,5,2,1
18616,190000,6,5,4,0
18906,190000,6,6,2,1
20889,190000,6,6,2,1
24596,190000,6,5,2,1
25003,190000,6,6,2,1
1153,180000,6,6,2,1
1397,180000,6,5,2,1
2658,180000,6,5,2,0
4378,180000,6,6,2,1
5134,180000,6,6,2,1
6851,180000,6,5,2,1
7134,180000,6,6,2,1
8425,180000,6,6,7,0
9084,180000,6,6,4,1
9875,180000,6,6,2,1
10930,180000,6,6,2,1
11728,180000,6,5,2,0
13144,180000,6,5,2,1
13901,180000,6,6,2,0
15025,180000,6,6,2,1
17607,180000,6,6,2,1
18265,180000,6,6,2,1
18855,180000,6,6,8,1
19475,180000,6,6,2,1
19634,180000,6,6,2,1
20545,180000,6,5,2,0
20671,180000,6,6,2,0
20973,180000,6,5,2,0
26355,180000,6,6,2,1
28294,180000,6,6,2,1
898,170000,6,6,2,1
1247,170000,6,6,4,1
5030,170000,6,6,2,1
7587,170000,6,6,2,1
9666,170000,6,6,7,0
11578,170000,6,6,2,0
18266,170000,6,6,2,1
22367,170000,6,6,2,1
22440,170000,6,6,2,0
24306,170000,6,6,2,1
25852,170000,6,6,2,1
27451,170000,6,5,2,0
405,160000,6,6,2,1
1840,160000,6,6,2,1
2108,160000,6,5,2,0
2134,160000,6,6,2,1
4607,160000,6,6,2,0
4744,160000,6,5,2,0
4892,160000,6,6,3,1
4916,160000,6,6,2,1
5609,160000,6,6,2,1
5749,160000,6,6,2,1
6644,160000,6,5,2,0
6723,160000,6,6,2,1
9028,160000,6,6,2,0
12400,160000,6,6,2,1
16847,160000,6,5,3,1
21040,160000,6,6,4,1
24360,160000,6,6,2,0
26076,160000,6,6,2,0
26761,160000,6,6,4,1
26986,160000,6,5,3,0
330,150000,6,6,2,0
4984,150000,6,6,2,1
6059,150000,6,6,2,0
6076,150000,6,6,3,1
6120,150000,6,5,2,1
7065,150000,6,6,2,1
8423,150000,6,5,2,0
8520,150000,6,5,4,0
8948,150000,6,5,3,1
9001,150000,6,6,2,1
9833,150000,6,6,2,1
10115,150000,6,6,2,1
10901,150000,6,6,2,1
11548,150000,6,6,8,1
12384,150000,6,6,5,0
13362,150000,6,6,2,1
15022,150000,6,6,2,1
15488,150000,6,5,2,1
15844,150000,6,6,2,1
16737,150000,6,6,3,0
16878,150000,6,6,2,1
17312,150000,6,6,6,0
19201,150000,6,6,5,0
21300,150000,6,6,3,1
21325,150000,6,6,2,1
21375,150000,6,5,2,1
22382,150000,6,6,2,1
23011,150000,6,6,2,1
23046,150000,6,6,2,1
26855,150000,6,5,2,0
26890,150000,6,6,2,1
27098,150000,6,6,3,1
27414,150000,6,6,2,0
28474,150000,6,6,2,1
28612,150000,6,5,2,1
1629,140000,6,6,2,0
1988,140000,6,6,2,0
2053,140000,6,6,2,0
2101,140000,6,6,2,0
2130,140000,6,6,3,1
2470,140000,6,6,2,1
5083,140000,6,6,2,1
5187,140000,6,6,2,0
5900,140000,6,5,3,0
7070,140000,6,6,3,1
7658,140000,6,6,2,1
7825,140000,6,5,2,1
8462,140000,6,6,2,1
9097,140000,6,6,2,1
10225,140000,6,6,2,0
10418,140000,6,6,3,1
10816,140000,6,6,2,1
11619,140000,6,6,2,1
12816,140000,6,5,2,0
12940,140000,6,6,2,1
13493,140000,6,5,2,1
14273,140000,6,6,2,1
15763,140000,6,6,2,1
16668,140000,6,5,3,1
18713,140000,6,6,2,1
18945,140000,6,6,2,1
20480,140000,6,6,2,1
23833,140000,6,6,2,1
24379,140000,6,6,2,1
25264,140000,6,6,2,1
26841,140000,6,5,2,1
26905,140000,6,5,2,1
28033,140000,6,6,2,1
29078,140000,6,5,3,1
29123,140000,6,6,3,1
29538,140000,6,6,2,1
176,130000,6,5,3,1
457,130000,6,5,2,0
1765,130000,6,5,2,0
3935,130000,6,6,2,0
4509,130000,6,6,2,0
4865,130000,6,6,2,1
8198,130000,6,6,2,0
9093,130000,6,6,2,1
9694,130000,6,5,2,1
10722,130000,6,6,2,0
11695,130000,6,6,3,1
11901,130000,6,6,3,1
12806,130000,6,5,3,1
14573,130000,6,6,2,1
15220,130000,6,5,2,0
15561,130000,6,6,2,0
17637,130000,6,6,2,1
18007,130000,6,6,3,1
20291,130000,6,5,2,0
20915,130000,6,6,2,1
21181,130000,6,6,3,1
22517,130000,6,6,2,1
23090,130000,6,5,2,0
23875,130000,6,5,2,1
24450,130000,6,5,2,1
25509,130000,6,6,2,1
25548,130000,6,6,3,1
26417,130000,6,6,2,0
27024,130000,6,6,2,0
27192,130000,6,6,2,1
400,120000,6,6,2,0
815,120000,6,5,2,1
2434,120000,6,6,3,1
2843,120000,6,5,2,0
4474,120000,6,6,2,0
5055,120000,6,6,2,1
5725,120000,6,6,2,1
5745,120000,6,6,2,1
6106,120000,6,5,2,1
6894,120000,6,5,2,1
6986,120000,6,5,2,0
7034,120000,6,6,3,0
7500,120000,6,6,2,1
8110,120000,6,6,3,0
8265,120000,6,6,2,1
9608,120000,6,6,2,1
11706,120000,6,5,2,0
12094,120000,6,5,2,0
12156,120000,6,6,2,1
12902,120000,6,6,2,1
13953,120000,6,5,2,0
14872,120000,6,5,2,0
15460,120000,6,6,2,1
16130,120000,6,5,2,0
17306,120000,6,6,4,0
17346,120000,6,6,3,1
17472,120000,6,6,4,1
17906,120000,6,6,2,1
18097,120000,6,6,3,1
19338,120000,6,5,3,1
19682,120000,6,6,2,1
21384,120000,6,6,2,1
22547,120000,6,6,2,0
23486,120000,6,5,2,1
24760,120000,6,5,2,1
25227,120000,6,6,5,0
26479,120000,6,5,2,1
27590,120000,6,6,2,1
28080,120000,6,6,2,1
29506,120000,6,6,2,0
29544,120000,6,5,2,1
540,110000,6,5,2,0
897,110000,6,5,3,1
2045,110000,6,6,2,1
2086,110000,6,6,2,1
2155,110000,6,6,2,1
4583,110000,6,6,2,1
4745,110000,6,5,2,0
5162,110000,6,6,2,1
5914,110000,6,6,7,0
7531,110000,6,6,2,1
8152,110000,6,5,2,0
9102,110000,6,6,2,1
9865,110000,6,6,2,1
10461,110000,6,6,2,0
10855,110000,6,6,4,1
11665,110000,6,6,3,1
14463,110000,6,6,2,1
15185,110000,6,6,2,1
16952,110000,6,6,2,1
17513,110000,6,6,2,1
17824,110000,6,6,2,1
18061,110000,6,6,2,1
18898,110000,6,6,4,1
19302,110000,6,6,7,0
20864,110000,6,5,2,0
23191,110000,6,5,2,0
23490,110000,6,5,5,0
23906,110000,6,5,3,0
25446,110000,6,6,2,1
27047,110000,6,6,3,1
28452,110000,6,6,2,1
28574,110000,6,6,2,1
29280,110000,6,6,2,1
29590,110000,6,6,3,1
669,100000,6,5,2,0
783,100000,6,6,2,1
858,100000,6,6,2,1
1436,100000,6,6,2,1
1895,100000,6,5,8,1
3023,100000,6,6,2,1
3766,100000,6,6,2,1
4015,100000,6,6,5,1
4093,100000,6,5,3,1
4404,100000,6,5,4,1
4444,100000,6,6,8,0
4542,100000,6,6,2,0
4629,100000,6,5,2,1
4658,100000,6,6,2,1
5570,100000,6,6,2,1
5984,100000,6,6,2,0
6144,100000,6,5,2,0
6972,100000,6,6,2,0
7019,100000,6,6,3,1
7141,100000,6,6,2,1
7267,100000,6,6,2,1
8291,100000,6,6,2,1
8703,100000,6,5,3,1
8878,100000,6,5,2,1
9007,100000,6,5,4,0
9267,100000,6,6,2,1
9281,100000,6,6,2,1
9408,100000,6,6,2,1
9827,100000,6,6,2,1
10515,100000,6,6,4,1
10569,100000,6,6,2,1
10797,100000,6,6,2,1
11510,100000,6,6,4,1
11571,100000,6,5,2,0
11675,100000,6,6,3,1
11710,100000,6,6,2,1
11742,100000,6,5,2,0
11867,100000,6,6,3,0
12274,100000,6,5,4,0
12355,100000,6,5,2,0
12513,100000,6,6,3,1
13293,100000,6,5,3,1
13414,100000,6,6,2,0
13737,100000,6,5,2,1
14359,100000,6,6,2,1
14698,100000,6,6,2,1
15054,100000,6,6,2,1
15752,100000,6,6,2,0
16298,100000,6,6,3,0
16501,100000,6,6,2,1
17027,100000,6,6,3,1
17064,100000,6,6,3,1
17218,100000,6,6,2,1
17381,100000,6,6,2,1
17909,100000,6,6,3,1
18215,100000,6,5,2,0
18949,100000,6,5,2,0
18976,100000,6,6,3,0
19037,100000,6,6,4,1
19132,100000,6,6,2,1
19850,100000,6,5,2,0
20204,100000,6,5,2,1
21229,100000,6,6,2,1
22291,100000,6,6,2,0
22705,100000,6,6,3,0
22878,100000,6,6,2,1
23068,100000,6,6,2,1
23691,100000,6,6,2,1
24281,100000,6,6,2,1
24478,100000,6,6,7,0
25412,100000,6,6,5,0
25489,100000,6,6,3,1
25775,100000,6,6,2,1
26116,100000,6,6,2,1
26483,100000,6,6,2,1
27433,100000,6,6,3,0
27459,100000,6,6,3,1
27541,100000,6,5,2,0
27774,100000,6,6,2,1
28343,100000,6,6,2,1
28606,100000,6,6,2,1
28615,100000,6,6,2,1
29381,100000,6,6,4,1
29461,100000,6,6,4,0
29815,100000,6,6,2,1
484,90000,6,5,2,0
502,90000,6,5,2,0
676,90000,6,6,2,1
1667,90000,6,6,2,0
1889,90000,6,5,2,0
2089,90000,6,6,2,1
2852,90000,6,6,2,1
3561,90000,6,6,2,1
3963,90000,6,6,2,1
4248,90000,6,6,3,0
4387,90000,6,6,8,1
4447,90000,6,6,2,0
7064,90000,6,6,3,0
7307,90000,6,6,3,1
9806,90000,6,6,2,1
11043,90000,6,6,2,0
12004,90000,6,6,2,0
12254,90000,6,6,4,0
13937,90000,6,6,3,0
13990,90000,6,5,5,1
14477,90000,6,5,2,0
15217,90000,6,5,3,1
17700,90000,6,6,2,1
17993,90000,6,6,2,1
18643,90000,6,5,2,0
18644,90000,6,5,2,0
19065,90000,6,5,2,0
19117,90000,6,6,2,1
19624,90000,6,6,3,0
20430,90000,6,5,3,1
23282,90000,6,6,2,0
25717,90000,6,6,2,1
26040,90000,6,6,2,0
27133,90000,6,6,2,1
837,80000,6,6,2,0
944,80000,6,6,5,1
1380,80000,6,5,2,0
1446,80000,6,6,3,0
1776,80000,6,6,2,1
1981,80000,6,6,3,1
2292,80000,6,6,3,1
2402,80000,6,5,2,0
2458,80000,6,5,2,0
3256,80000,6,6,3,1
3336,80000,6,5,2,1
3560,80000,6,6,2,1
3785,80000,6,6,7,1
4773,80000,6,6,2,1
4991,80000,6,6,2,1
5283,80000,6,6,4,1
6346,80000,6,6,2,1
6453,80000,6,5,2,0
6524,80000,6,5,2,0
6633,80000,6,6,2,1
6835,80000,6,6,2,1
6999,80000,6,6,2,0
7872,80000,6,6,2,1
8736,80000,6,6,2,1
8809,80000,6,5,2,0
8851,80000,6,6,3,1
8992,80000,6,6,8,0
9137,80000,6,5,2,1
9545,80000,6,6,2,0
10541,80000,6,6,3,1
10778,80000,6,6,2,0
10864,80000,6,6,2,1
12015,80000,6,5,2,1
13481,80000,6,6,3,1
14074,80000,6,6,2,1
14306,80000,6,6,2,1
14700,80000,6,6,2,0
14714,80000,6,6,2,1
16211,80000,6,6,3,1
16363,80000,6,6,2,1
16443,80000,6,6,3,1
16466,80000,6,6,2,1
16686,80000,6,5,2,0
16842,80000,6,6,4,1
17117,80000,6,6,2,1
17383,80000,6,6,2,0
17602,80000,6,6,2,1
17622,80000,6,6,4,1
17947,80000,6,6,2,1
18597,80000,6,6,3,1
18814,80000,6,5,3,0
19563,80000,6,5,2,1
20456,80000,6,5,2,1
21204,80000,6,5,2,1
21547,80000,6,5,2,0
21618,80000,6,5,2,1
22106,80000,6,6,3,1
24144,80000,6,6,4,1
24176,80000,6,6,2,1
24419,80000,6,5,2,0
25139,80000,6,6,2,1
26692,80000,6,5,2,1
26713,80000,6,5,2,1
26972,80000,6,6,2,1
27058,80000,6,6,2,1
27230,80000,6,6,2,0
27639,80000,6,6,2,1
28031,80000,6,5,2,1
28275,80000,6,5,2,0
28335,80000,6,5,2,1
29524,80000,6,6,2,1
29960,80000,6,6,2,1
1147,70000,6,6,7,1
1207,70000,6,6,2,1
1337,70000,6,6,3,1
1432,70000,6,6,2,1
2114,70000,6,6,2,1
3143,70000,6,6,2,1
3589,70000,6,6,3,1
4212,70000,6,5,2,0
4470,70000,6,6,2,0
5170,70000,6,6,2,1
5978,70000,6,5,2,1
6332,70000,6,6,3,1
6780,70000,6,5,2,1
7151,70000,6,6,2,1
7527,70000,6,6,2,1
7556,70000,6,6,2,1
8044,70000,6,6,3,1
8173,70000,6,6,6,1
8792,70000,6,6,2,1
9057,70000,6,6,2,1
9478,70000,6,6,2,1
9645,70000,6,6,3,1
10752,70000,6,6,2,0
11002,70000,6,5,2,0
11260,70000,6,6,2,1
11713,70000,6,6,2,1
12060,70000,6,6,2,1
12087,70000,6,6,2,0
12494,70000,6,5,2,0
12717,70000,6,5,2,0
12726,70000,6,5,2,0
13710,70000,6,6,2,1
14213,70000,6,6,2,1
14885,70000,6,5,2,0
16087,70000,6,6,2,1
16224,70000,6,6,3,1
16581,70000,6,6,2,1
17575,70000,6,5,2,0
17675,70000,6,6,2,1
17859,70000,6,5,2,1
17928,70000,6,6,2,1
17991,70000,6,5,8,0
18180,70000,6,6,2,1
18723,70000,6,5,2,0
19043,70000,6,6,2,1
19251,70000,6,5,2,0
19447,70000,6,5,2,0
20693,70000,6,5,2,1
21035,70000,6,6,2,1
21256,70000,6,6,2,1
21432,70000,6,6,2,1
21630,70000,6,6,2,1
21873,70000,6,5,2,1
22042,70000,6,6,2,0
23004,70000,6,6,3,1
23643,70000,6,6,2,1
23758,70000,6,6,2,1
23918,70000,6,6,2,1
24018,70000,6,6,3,1
24569,70000,6,5,2,1
24852,70000,6,6,2,1
25011,70000,6,6,2,1
25394,70000,6,6,2,1
25611,70000,6,6,2,1
26824,70000,6,5,2,0
27087,70000,6,5,2,1
29107,70000,6,6,2,1
29636,70000,6,6,4,1
29863,70000,6,6,2,1
411,60000,6,5,2,1
1083,60000,6,6,2,0
1391,60000,6,6,4,1
1522,60000,6,6,5,0
3512,60000,6,6,2,1
3575,60000,6,6,2,0
3937,60000,6,5,2,0
5844,60000,6,6,5,0
6537,60000,6,6,2,1
6624,60000,6,6,5,0
6824,60000,6,6,3,1
6891,60000,6,6,2,1
7131,60000,6,6,4,1
7897,60000,6,6,2,1
7983,60000,6,6,2,1
8515,60000,6,6,2,1
9266,60000,6,6,2,1
9671,60000,6,6,2,0
9897,60000,6,6,4,1
10146,60000,6,6,3,1
10957,60000,6,6,2,1
12410,60000,6,5,2,1
13094,60000,6,5,3,0
13254,60000,6,6,8,0
14459,60000,6,5,4,1
14491,60000,6,5,3,0
15842,60000,6,6,4,1
15918,60000,6,6,2,1
17243,60000,6,6,3,1
17690,60000,6,6,2,0
17766,60000,6,6,5,0
18059,60000,6,6,2,1
18363,60000,6,6,2,1
18675,60000,6,6,2,0
18736,60000,6,6,2,1
18924,60000,6,5,2,0
19309,60000,6,6,7,0
20507,60000,6,6,2,1
20850,60000,6,5,2,0
21401,60000,6,5,2,1
21499,60000,6,6,2,0
21513,60000,6,6,3,1
22357,60000,6,5,2,0
22395,60000,6,5,2,1
22487,60000,6,6,2,1
23080,60000,6,6,2,1
27190,60000,6,6,2,0
28272,60000,6,6,4,0
28568,60000,6,6,3,1
29471,60000,6,5,2,1
29694,60000,6,6,7,1
63,50000,6,6,2,1
121,50000,6,6,3,1
196,50000,6,5,2,1
514,50000,6,6,2,1
606,50000,6,5,2,0
750,50000,6,6,8,1
1084,50000,6,5,2,1
1461,50000,6,6,3,1
1559,50000,6,5,2,1
1647,50000,6,5,2,1
1836,50000,6,5,2,1
2051,50000,6,6,2,0
2218,50000,6,6,4,1
2374,50000,6,6,3,1
2392,50000,6,6,3,1
2405,50000,6,6,7,1
2447,50000,6,6,2,1
2730,50000,6,5,3,0
2772,50000,6,6,3,1
2817,50000,6,6,4,1
2854,50000,6,6,2,1
2864,50000,6,6,2,0
3456,50000,6,5,2,0
3640,50000,6,6,3,0
3901,50000,6,5,2,1
4145,50000,6,5,2,1
4160,50000,6,6,4,0
4217,50000,6,5,2,1
4492,50000,6,6,2,1
4672,50000,6,6,2,1
4837,50000,6,6,2,1
4881,50000,6,6,2,1
5146,50000,6,5,2,1
5723,50000,6,6,2,1
6053,50000,6,6,4,1
6208,50000,6,6,2,0
6506,50000,6,6,3,1
6664,50000,6,5,2,0
7675,50000,6,6,2,1
7798,50000,6,6,2,1
7813,50000,6,5,2,0
7876,50000,6,6,7,1
7921,50000,6,6,2,1
7955,50000,6,5,2,0
7988,50000,6,6,3,1
8078,50000,6,5,2,1
8106,50000,6,6,2,0
8174,50000,6,6,2,1
8289,50000,6,6,2,1
8402,50000,6,6,2,0
8900,50000,6,6,4,0
9026,50000,6,5,5,1
9074,50000,6,5,8,0
9079,50000,6,6,2,1
9217,50000,6,5,2,1
9446,50000,6,6,2,1
9512,50000,6,5,2,1
9691,50000,6,5,2,1
9759,50000,6,5,3,1
10191,50000,6,6,3,0
10453,50000,6,6,2,1
10695,50000,6,6,2,1
10795,50000,6,6,7,1
11445,50000,6,5,5,1
11657,50000,6,6,2,0
11821,50000,6,5,3,1
12045,50000,6,5,2,0
12157,50000,6,5,2,0
12170,50000,6,6,2,1
12231,50000,6,6,4,0
12739,50000,6,6,4,0
12804,50000,6,5,3,1
12818,50000,6,6,7,1
13214,50000,6,5,2,0
13284,50000,6,6,2,1
13393,50000,6,6,2,1
13410,50000,6,5,3,1
13598,50000,6,6,3,1
13925,50000,6,5,2,0
14010,50000,6,6,4,1
14218,50000,6,6,3,1
14251,50000,6,6,2,1
14431,50000,6,6,5,1
14788,50000,6,6,2,1
14883,50000,6,6,7,1
15103,50000,6,6,2,1
15342,50000,6,6,2,1
15527,50000,6,6,2,1
15839,50000,6,5,2,1
15898,50000,6,5,3,0
15926,50000,6,5,3,0
15976,50000,6,6,2,1
16166,50000,6,6,2,1
16404,50000,6,5,2,0
16524,50000,6,5,2,1
16614,50000,6,6,2,1
16638,50000,6,5,2,1
16685,50000,6,6,3,0
16718,50000,6,5,2,1
16732,50000,6,5,3,0
16908,50000,6,6,4,0
16949,50000,6,6,2,1
16980,50000,6,6,2,1
16993,50000,6,6,3,0
16997,50000,6,6,2,0
17020,50000,6,6,2,1
17031,50000,6,6,2,1
17043,50000,6,6,2,0
17128,50000,6,6,2,1
17136,50000,6,5,2,0
17195,50000,6,6,3,1
17232,50000,6,6,4,1
17266,50000,6,6,2,0
17351,50000,6,6,3,1
17473,50000,6,6,2,1
17798,50000,6,5,2,0
17891,50000,6,6,4,0
17903,50000,6,6,3,1
18050,50000,6,6,3,1
18217,50000,6,6,3,1
18610,50000,6,6,2,1
18613,50000,6,5,2,1
18901,50000,6,5,3,1
19023,50000,6,5,2,1
19079,50000,6,6,3,1
19304,50000,6,6,2,1
20124,50000,6,5,2,1
20266,50000,6,6,2,1
20322,50000,6,5,3,0
20424,50000,6,5,2,1
20717,50000,6,5,4,1
20754,50000,6,6,3,1
20836,50000,6,5,2,1
21164,50000,6,5,2,1
21363,50000,6,6,2,1
21783,50000,6,6,3,1
21823,50000,6,5,3,0
21942,50000,6,6,7,1
22669,50000,6,6,2,1
22811,50000,6,6,3,1
22812,50000,6,6,3,1
22974,50000,6,5,3,0
23365,50000,6,5,2,1
23389,50000,6,5,4,0
23449,50000,6,5,2,1
23668,50000,6,6,2,1
23685,50000,6,6,2,1
23844,50000,6,6,2,1
23878,50000,6,5,4,1
24111,50000,6,5,2,1
24303,50000,6,5,2,1
24481,50000,6,5,2,0
24549,50000,6,6,3,1
25132,50000,6,5,2,1
25154,50000,6,4,2,0
25170,50000,6,6,2,1
25238,50000,6,6,2,1
25295,50000,6,6,2,1
25511,50000,6,6,2,0
25812,50000,6,6,2,1
25990,50000,6,6,3,1
26128,50000,6,6,3,1
26556,50000,6,6,3,0
26715,50000,6,5,2,1
27238,50000,6,6,3,1
27428,50000,6,5,2,1
27587,50000,6,6,2,1
27889,50000,6,6,7,1
28029,50000,6,6,2,1
28142,50000,6,5,3,1
28290,50000,6,5,2,0
28397,50000,6,5,2,0
28503,50000,6,5,4,1
28633,50000,6,6,2,1
28718,50000,6,6,7,0
29236,50000,6,6,4,1
29434,50000,6,5,2,0
29445,50000,6,6,3,1
29491,50000,6,6,7,1
1870,40000,6,6,2,1
2375,40000,6,6,2,1
8518,40000,6,6,3,1
8838,40000,6,5,8,0
9384,40000,6,5,2,0
12828,40000,6,5,2,1
13433,40000,6,6,2,1
13568,40000,6,6,2,1
13732,40000,6,6,7,1
13803,40000,6,6,2,0
13959,40000,6,6,7,1
16506,40000,6,6,4,1
17223,40000,6,6,2,1
17500,40000,6,5,2,1
17912,40000,6,6,2,1
18506,40000,6,6,2,1
18646,40000,6,6,3,0
19519,40000,6,5,3,0
19573,40000,6,6,2,1
20268,40000,6,5,2,0
20740,40000,6,6,3,1
24747,40000,6,5,3,1
25623,40000,6,6,2,1
25864,40000,6,5,2,1
26679,40000,6,5,2,0
29290,40000,6,5,3,0
29791,40000,6,6,2,1
29942,40000,6,6,3,1
293,30000,6,6,3,0
309,30000,6,6,4,1
674,30000,6,6,7,1
705,30000,6,5,4,0
708,30000,6,5,2,0
863,30000,6,6,7,1
982,30000,6,6,8,0
1524,30000,6,6,2,1
1880,30000,6,6,2,1
1909,30000,6,6,3,0
2256,30000,6,5,2,1
2461,30000,6,6,2,1
2509,30000,6,6,4,1
2714,30000,6,6,2,0
2926,30000,6,6,2,1
2973,30000,6,6,2,0
3086,30000,6,6,7,0
3233,30000,6,6,2,0
3287,30000,6,6,3,1
3350,30000,6,5,3,1
3378,30000,6,6,4,0
3500,30000,6,6,2,1
3539,30000,6,6,5,1
3663,30000,6,6,3,1
3872,30000,6,6,2,0
4019,30000,6,6,2,1
4208,30000,6,6,2,0
4330,30000,6,5,4,0
4432,30000,6,6,3,0
4569,30000,6,6,2,1
4930,30000,6,5,2,1
5011,30000,6,5,2,0
5112,30000,6,6,2,1
5484,30000,6,6,3,1
5486,30000,6,6,2,1
5578,30000,6,5,3,1
5591,30000,6,6,3,0
5680,30000,6,6,2,1
5720,30000,6,6,2,1
5741,30000,6,6,2,1
5754,30000,6,5,2,0
6152,30000,6,5,2,1
6298,30000,6,5,2,0
6318,30000,6,6,5,1
6489,30000,6,6,3,1
6626,30000,6,6,2,1
6642,30000,6,5,2,1
6747,30000,6,6,3,1
6749,30000,6,6,2,1
7212,30000,6,6,3,1
7364,30000,6,6,2,1
7390,30000,6,6,3,1
7404,30000,6,6,3,1
7564,30000,6,6,2,1
7730,30000,6,6,2,1
7835,30000,6,6,5,0
8042,30000,6,6,3,0
8047,30000,6,5,4,0
8332,30000,6,6,2,0
8465,30000,6,6,4,1
8649,30000,6,6,8,1
8816,30000,6,6,3,1
8872,30000,6,5,2,1
9069,30000,6,6,2,0
9161,30000,6,6,4,1
9391,30000,6,5,3,0
9641,30000,6,5,2,0
9655,30000,6,6,2,1
9656,30000,6,6,2,1
9837,30000,6,5,2,1
9944,30000,6,5,3,0
9974,30000,6,6,8,1
10491,30000,6,6,3,0
10530,30000,6,6,3,0
10540,30000,6,6,3,1
10968,30000,6,6,2,0
11098,30000,6,6,4,0
11237,30000,6,6,4,0
11277,30000,6,5,2,0
11350,30000,6,5,2,0
11478,30000,6,6,2,1
11552,30000,6,6,2,0
11583,30000,6,5,2,1
11610,30000,6,6,3,1
11811,30000,6,6,2,0
11823,30000,6,6,3,1
11838,30000,6,6,6,0
12029,30000,6,6,7,0
12072,30000,6,5,2,0
12200,30000,6,5,5,0
12386,30000,6,6,2,1
13306,30000,6,6,3,1
13471,30000,6,6,2,1
13667,30000,6,5,3,1
13689,30000,6,6,2,0
13712,30000,6,6,4,0
13731,30000,6,6,2,0
13771,30000,6,6,2,1
14055,30000,6,6,3,1
14332,30000,6,6,2,0
14368,30000,6,6,2,0
14420,30000,6,6,3,1
14615,30000,6,5,2,1
14644,30000,6,6,2,1
14853,30000,6,6,7,1
14906,30000,6,6,2,1
14965,30000,6,6,7,1
14968,30000,6,6,2,1
14972,30000,6,6,2,1
15000,30000,6,5,3,1
15130,30000,6,6,7,1
15177,30000,6,6,2,0
15182,30000,6,6,7,0
15287,30000,6,5,2,1
15486,30000,6,5,2,0
15503,30000,6,6,2,1
15662,30000,6,5,2,1
15754,30000,6,6,3,1
15777,30000,6,6,2,1
15860,30000,6,6,2,0
15924,30000,6,6,2,1
15936,30000,6,6,7,1
16086,30000,6,5,4,1
16319,30000,6,5,2,1
16328,30000,6,6,2,1
16365,30000,6,6,3,1
16368,30000,6,5,2,1
16440,30000,6,6,2,1
16458,30000,6,6,2,1
16478,30000,6,6,3,1
16547,30000,6,6,4,1
16567,30000,6,5,2,1
16777,30000,6,6,7,1
16827,30000,6,6,2,1
16914,30000,6,5,3,1
16966,30000,6,5,3,0
17074,30000,6,5,4,0
17109,30000,6,6,4,1
17143,30000,6,6,3,1
17401,30000,6,6,2,1
17434,30000,6,6,2,1
17546,30000,6,5,2,0
17647,30000,6,5,4,0
17734,30000,6,5,2,1
17735,30000,6,6,4,0
17751,30000,6,5,3,0
17789,30000,6,6,2,1
17851,30000,6,5,3,1
17862,30000,6,6,7,1
17961,30000,6,6,4,1
18027,30000,6,6,4,0
18087,30000,6,6,4,1
18425,30000,6,5,2,1
18839,30000,6,5,5,1
18913,30000,6,6,2,0
19020,30000,6,5,2,0
19057,30000,6,6,2,1
19193,30000,6,6,2,1
19755,30000,6,6,2,1
20265,30000,6,6,3,1
20421,30000,6,6,3,1
20635,30000,6,5,5,1
20636,30000,6,6,4,1
20685,30000,6,5,2,0
20722,30000,6,5,3,1
20969,30000,6,5,2,1
21492,30000,6,6,6,1
21531,30000,6,6,2,0
21698,30000,6,5,2,1
21895,30000,6,5,2,1
22266,30000,6,5,2,1
22861,30000,6,5,2,0
22881,30000,6,6,2,1
23336,30000,6,6,5,1
24236,30000,6,5,2,1
24644,30000,6,5,3,0
25122,30000,6,5,7,1
25134,30000,6,5,2,0
25171,30000,6,6,4,0
25175,30000,6,6,2,1
25527,30000,6,6,2,1
25563,30000,6,6,3,1
26689,30000,6,6,2,0
27029,30000,6,6,2,1
27132,30000,6,6,7,1
27204,30000,6,5,4,1
27524,30000,6,5,2,1
27705,30000,6,6,3,1
27717,30000,6,6,2,0
28192,30000,6,6,7,1
28268,30000,6,6,3,1
29120,30000,6,6,7,1
29310,30000,6,5,2,1
29492,30000,6,5,2,1
29712,30000,6,6,4,1
190,20000,6,5,5,0
650,20000,6,6,8,0
832,20000,6,6,8,0
1045,20000,6,6,2,1
1122,20000,6,5,4,1
1289,20000,6,5,3,1
1486,20000,6,6,7,1
2016,20000,6,5,2,1
2362,20000,6,6,8,0
2421,20000,6,6,4,1
2463,20000,6,5,3,1
2471,20000,6,6,3,1
2916,20000,6,6,8,0
3216,20000,6,6,2,1
3275,20000,6,5,4,1
3527,20000,6,5,3,0
3859,20000,6,6,2,1
3878,20000,6,6,3,1
3992,20000,6,6,3,1
3998,20000,6,6,2,1
4013,20000,6,6,4,1
4616,20000,6,5,2,0
5114,20000,6,6,5,0
5241,20000,6,5,2,1
5337,20000,6,6,4,1
5471,20000,6,5,3,1
5737,20000,6,5,3,1
5884,20000,6,5,2,0
6038,20000,6,6,7,1
6553,20000,6,6,3,1
6597,20000,6,5,3,0
6750,20000,6,6,8,1
7171,20000,6,6,2,0
7244,20000,6,6,4,1
7464,20000,6,5,2,1
7619,20000,6,5,2,0
7739,20000,6,6,3,1
7788,20000,6,6,2,1
7942,20000,6,6,7,1
8085,20000,6,6,2,1
8221,20000,6,5,2,0
8318,20000,6,6,2,1
8384,20000,6,5,3,0
8502,20000,6,6,4,0
8541,20000,6,5,4,0
8568,20000,6,5,3,1
9209,20000,6,5,4,1
9578,20000,6,6,2,1
9588,20000,6,6,2,1
9689,20000,6,6,3,1
9815,20000,6,6,3,0
9816,20000,6,5,3,0
10119,20000,6,6,2,0
10331,20000,6,6,3,1
10383,20000,6,6,4,1
11336,20000,6,6,3,1
11429,20000,6,5,2,1
11504,20000,6,6,4,0
11699,20000,6,6,3,0
11981,20000,6,6,3,1
12190,20000,6,6,4,1
12363,20000,6,6,2,1
12388,20000,6,5,2,1
12424,20000,6,6,4,1
12426,20000,6,6,4,0
12768,20000,6,6,4,1
12870,20000,6,5,6,1
13014,20000,6,6,3,1
13224,20000,6,6,7,1
13247,20000,6,5,5,0
13521,20000,6,6,2,0
13628,20000,6,6,8,1
13705,20000,6,6,8,1
13950,20000,6,5,3,0
14089,20000,6,5,3,1
14319,20000,6,5,2,0
14321,20000,6,6,2,0
14683,20000,6,6,2,1
14785,20000,6,6,4,1
14797,20000,6,6,2,0
14924,20000,6,5,2,0
14946,20000,6,5,3,0
15005,20000,6,5,4,0
15176,20000,6,6,2,0
15767,20000,6,6,3,1
15989,20000,6,6,7,1
16486,20000,6,5,3,0
16500,20000,6,6,3,1
16503,20000,6,5,4,1
16537,20000,6,5,2,0
16555,20000,6,5,2,1
16570,20000,6,6,5,0
16790,20000,6,5,2,1
16811,20000,6,5,2,0
16858,20000,6,5,4,1
16903,20000,6,5,3,1
16921,20000,6,6,7,1
16926,20000,6,6,4,1
17236,20000,6,6,4,1
17339,20000,6,5,3,1
17374,20000,6,5,3,1
17573,20000,6,6,3,1
17830,20000,6,6,2,0
17954,20000,6,5,2,1
18082,20000,6,6,3,1
18186,20000,6,5,3,1
18216,20000,6,6,3,0
18247,20000,6,6,4,1
18432,20000,6,5,2,1
19040,20000,6,5,4,1
19187,20000,6,6,5,1
19331,20000,6,6,2,1
20343,20000,6,6,3,1
20351,20000,6,5,4,1
20363,20000,6,6,3,0
20529,20000,6,6,4,0
20705,20000,6,6,7,1
20886,20000,6,6,7,1
21016,20000,6,6,3,1
21184,20000,6,6,5,0
21565,20000,6,6,4,1
21650,20000,6,6,3,1
21794,20000,6,6,3,1
22503,20000,6,6,2,0
22601,20000,6,6,4,1
23672,20000,6,6,3,1
23914,20000,6,6,3,1
23944,20000,6,5,4,0
23983,20000,6,6,5,0
24005,20000,6,6,3,1
24021,20000,6,6,5,1
24146,20000,6,6,7,1
24171,20000,6,5,2,1
24376,20000,6,6,3,1
24537,20000,6,6,3,1
24987,20000,6,5,5,0
26060,20000,6,5,2,0
26389,20000,6,5,4,0
26582,20000,6,6,7,1
26617,20000,6,6,2,1
26802,20000,6,5,3,1
27130,20000,6,6,4,1
27136,20000,6,6,3,1
27237,20000,6,5,4,0
27284,20000,6,5,2,0
27474,20000,6,6,3,1
27510,20000,6,6,4,1
27831,20000,6,6,3,1
27931,20000,6,6,2,1
28026,20000,6,6,7,1
28122,20000,6,5,5,1
28232,20000,6,6,3,1
29084,20000,6,6,4,1
29129,20000,6,6,4,0
29218,20000,6,6,4,1
29315,20000,6,5,6,0
29334,20000,6,6,3,1
29472,20000,6,5,3,0
29547,20000,6,6,7,1
29633,20000,6,6,2,0
29738,20000,6,6,7,1
29767,20000,6,6,8,1
1082,10000,6,5,2,0
1752,10000,6,6,3,1
1862,10000,6,5,6,1
1956,10000,6,5,2,0
2102,10000,6,5,4,1
3007,10000,6,5,2,0
3338,10000,6,5,2,0
4006,10000,6,6,3,1
4193,10000,6,5,3,0
4572,10000,6,6,3,1
5370,10000,6,5,3,1
5836,10000,6,6,7,1
6082,10000,6,6,3,1
6269,10000,6,6,7,1
8217,10000,6,6,4,1
8924,10000,6,6,3,1
10110,10000,6,5,2,1
10527,10000,6,6,2,0
10906,10000,6,5,2,1
12185,10000,6,6,4,1
13399,10000,6,6,7,1
13776,10000,6,6,5,1
14237,10000,6,6,7,1
14606,10000,6,6,6,1
14622,10000,6,6,3,1
16389,10000,6,6,2,1
16494,10000,6,5,4,1
16531,10000,6,6,4,1
16543,10000,6,6,7,1
17021,10000,6,6,7,1
17220,10000,6,6,4,1
17227,10000,6,6,7,1
17641,10000,6,5,2,1
17702,10000,6,6,3,1
17744,10000,6,6,7,1
17796,10000,6,6,3,1
17800,10000,6,5,2,1
17850,10000,6,6,7,1
17914,10000,6,6,3,1
18123,10000,6,6,3,1
18244,10000,6,6,4,1
21634,10000,6,5,2,1
26628,10000,6,5,2,1
26918,10000,6,5,2,1
28053,10000,6,6,5,1
29386,10000,6,6,3,1
29468,10000,6,6,3,1
20875,550000,5,5,2,0
24855,410000,5,5,2,1
565,390000,5,5,2,0
7318,360000,5,5,2,1
13333,350000,5,4,2,1
28608,350000,5,4,2,1
25376,340000,5,4,2,0
28595,340000,5,5,5,1
14445,330000,5,4,2,0
12301,320000,5,4,2,1
25705,320000,5,4,3,1
20561,310000,5,5,3,0
23366,300000,5,5,3,1
5473,290000,5,4,2,1
29090,290000,5,4,2,0
5541,280000,5,5,2,0
11971,280000,5,5,2,0
14580,280000,5,5,5,0
2091,270000,5,4,2,0
3776,250000,5,4,3,1
10649,240000,5,4,2,1
11402,240000,5,4,4,0
22089,240000,5,5,2,1
24778,240000,5,4,2,0
3567,230000,5,4,2,0
13984,230000,5,5,2,1
20979,230000,5,5,2,0
2262,220000,5,5,2,0
3715,220000,5,5,3,0
4047,220000,5,5,2,1
4546,220000,5,5,3,1
16125,220000,5,4,2,0
19236,220000,5,5,2,0
19696,220000,5,5,3,1
24917,210000,5,5,2,1
59,200000,5,5,3,0
5511,200000,5,5,2,1
6213,200000,5,4,2,0
6699,200000,5,5,6,1
13251,200000,5,4,2,1
20580,200000,5,5,2,1
22453,200000,5,5,3,1
4800,190000,5,5,6,1
12138,190000,5,4,2,0
973,180000,5,5,2,1
1510,180000,5,5,2,1
2776,180000,5,5,2,1
19372,180000,5,4,4,0
19458,180000,5,5,2,1
27296,180000,5,4,2,1
28320,180000,5,5,2,1
14684,170000,5,4,2,1
20851,170000,5,4,2,0
9726,160000,5,5,2,1
16651,160000,5,5,2,1
18745,160000,5,4,2,0
849,150000,5,5,4,1
6341,150000,5,5,2,1
14322,150000,5,5,2,1
18682,150000,5,5,2,1
20448,150000,5,5,2,1
20950,150000,5,5,5,1
22410,150000,5,5,2,0
22843,150000,5,5,2,1
25022,150000,5,5,2,1
27523,150000,5,5,2,1
2801,140000,5,4,4,1
2963,140000,5,5,2,0
6283,140000,5,4,3,0
9228,140000,5,5,2,0
9300,140000,5,5,3,1
16005,140000,5,5,6,0
7115,130000,5,5,2,1
9686,130000,5,5,3,0
13944,130000,5,4,2,1
18735,130000,5,4,2,0
11037,120000,5,5,2,1
11807,120000,5,4,3,1
23948,120000,5,4,2,1
1051,110000,5,5,3,0
2488,110000,5,5,2,1
3656,110000,5,5,2,0
3664,110000,5,4,2,0
5438,110000,5,5,2,0
12417,110000,5,4,2,0
15856,110000,5,5,2,1
15887,110000,5,5,4,1
24143,110000,5,5,2,1
28547,110000,5,4,2,0
28944,110000,5,5,2,1
799,100000,5,5,2,0
2058,100000,5,4,2,0
5673,100000,5,5,2,1
6371,100000,5,5,5,1
7053,100000,5,5,2,1
9701,100000,5,5,2,1
10769,100000,5,5,3,1
16801,100000,5,5,2,1
17528,100000,5,4,2,1
18054,100000,5,5,2,1
20866,100000,5,5,2,1
21992,100000,5,5,2,1
24780,100000,5,5,2,0
26488,100000,5,5,3,0
4076,90000,5,4,2,0
12839,90000,5,5,2,0
14067,90000,5,4,2,1
20319,90000,5,5,3,1
20509,90000,5,5,2,1
23296,90000,5,5,2,1
24823,90000,5,4,2,0
26501,90000,5,4,2,1
26657,90000,5,5,2,1
2640,80000,5,5,2,1
3686,80000,5,5,2,0
5641,80000,5,5,2,0
11637,80000,5,5,3,1
12475,80000,5,5,2,1
13890,80000,5,4,3,0
14384,80000,5,5,3,1
14852,80000,5,5,3,0
15746,80000,5,5,2,1
15813,80000,5,4,2,0
16215,80000,5,5,2,1
17178,80000,5,5,2,0
18645,80000,5,4,2,0
23196,80000,5,5,2,1
23604,80000,5,4,2,1
23814,80000,5,5,3,0
24577,80000,5,5,2,1
25352,80000,5,4,2,1
27531,80000,5,5,2,1
29096,80000,5,4,2,0
51,70000,5,4,2,1
3156,70000,5,4,3,1
7606,70000,5,5,2,0
9852,70000,5,5,3,1
11848,70000,5,5,2,1
12766,70000,5,5,2,1
15012,70000,5,4,2,0
22793,70000,5,4,2,0
26434,70000,5,4,2,0
27485,70000,5,5,6,0
105,60000,5,5,2,0
328,60000,5,5,2,1
12280,60000,5,5,2,0
17036,60000,5,5,3,1
17088,60000,5,5,3,1
18104,60000,5,5,2,1
19009,60000,5,5,2,1
20652,60000,5,4,2,1
26253,60000,5,5,2,0
907,50000,5,5,2,1
2641,50000,5,4,4,1
3033,50000,5,5,4,0
4374,50000,5,5,4,1
5792,50000,5,4,2,0
5929,50000,5,5,4,1
6080,50000,5,4,2,0
6173,50000,5,5,3,0
6970,50000,5,4,3,0
7856,50000,5,5,3,1
8226,50000,5,5,5,1
9487,50000,5,4,5,1
9904,50000,5,5,2,1
11198,50000,5,4,2,0
12813,50000,5,5,2,0
12991,50000,5,5,2,1
13897,50000,5,5,3,1
14625,50000,5,4,4,0
15300,50000,5,4,2,0
15815,50000,5,5,2,1
16757,50000,5,5,3,0
16869,50000,5,4,3,0
17191,50000,5,5,2,1
17976,50000,5,5,2,1
20668,50000,5,5,2,1
21453,50000,5,4,2,1
22445,50000,5,5,2,1
25583,50000,5,5,2,1
26212,50000,5,5,4,1
26537,50000,5,5,2,0
26750,50000,5,5,2,1
26856,50000,5,5,3,0
27003,50000,5,5,3,1
27342,50000,5,5,2,0
27679,50000,5,4,2,0
27773,50000,5,5,2,1
27930,50000,5,5,2,0
3741,40000,5,4,3,0
3743,40000,5,5,2,0
4874,40000,5,4,2,0
7395,40000,5,5,2,1
9532,40000,5,5,2,1
12115,40000,5,5,6,1
12365,40000,5,4,2,1
12946,40000,5,5,3,0
16081,40000,5,5,2,1
18939,40000,5,5,3,1
25202,40000,5,5,2,0
27722,40000,5,5,2,1
161,30000,5,5,2,0
492,30000,5,5,2,0
671,30000,5,5,2,0
2268,30000,5,5,2,1
2457,30000,5,5,2,0
3344,30000,5,5,2,1
5866,30000,5,4,3,0
6670,30000,5,4,2,0
8219,30000,5,5,4,0
8220,30000,5,4,2,0
8298,30000,5,4,3,0
8651,30000,5,5,6,0
9776,30000,5,5,2,1
11211,30000,5,5,3,1
11831,30000,5,5,6,1
12338,30000,5,4,3,1
13648,30000,5,5,2,1
13729,30000,5,5,2,0
14687,30000,5,4,2,1
16041,30000,5,5,2,1
16146,30000,5,5,2,1
16515,30000,5,5,2,0
17079,30000,5,4,3,0
17282,30000,5,5,3,0
17610,30000,5,5,3,1
18407,30000,5,5,2,1
19506,30000,5,5,2,1
21393,30000,5,4,2,0
21445,30000,5,5,2,1
21519,30000,5,5,2,1
22419,30000,5,5,2,0
24485,30000,5,5,2,0
25137,30000,5,4,2,1
25164,30000,5,5,2,0
26512,30000,5,4,3,1
26751,30000,5,5,3,0
27676,30000,5,5,2,1
27896,30000,5,4,2,1
29306,30000,5,5,6,1
1105,20000,5,4,3,1
1428,20000,5,5,3,0
1526,20000,5,5,2,0
1626,20000,5,5,2,1
2105,20000,5,5,2,1
3201,20000,5,4,2,1
3673,20000,5,5,2,1
4353,20000,5,4,2,1
5885,20000,5,4,2,0
6825,20000,5,4,5,1
6839,20000,5,5,2,0
7184,20000,5,4,2,0
7486,20000,5,4,2,1
7957,20000,5,5,5,1
9042,20000,5,4,2,0
9514,20000,5,4,3,0
9947,20000,5,5,2,1
14410,20000,5,5,4,0
14875,20000,5,5,2,1
15111,20000,5,4,2,1
15375,20000,5,5,3,1
16200,20000,5,4,2,0
16582,20000,5,5,3,0
16656,20000,5,4,2,1
16672,20000,5,5,2,1
17419,20000,5,5,3,1
18302,20000,5,5,2,0
19088,20000,5,4,2,1
20348,20000,5,4,2,1
20411,20000,5,5,3,1
20543,20000,5,5,3,1
20721,20000,5,5,5,0
21345,20000,5,5,5,0
21463,20000,5,5,4,1
23396,20000,5,5,4,1
23899,20000,5,5,3,0
26591,20000,5,5,3,0
27618,20000,5,4,2,1
28337,20000,5,4,2,1
29313,20000,5,4,2,1
29896,20000,5,4,2,0
10100,10000,5,4,3,0
10189,10000,5,5,4,1
11145,10000,5,5,2,1
11219,10000,5,4,3,0
13616,10000,5,5,5,1
14402,10000,5,4,3,1
16092,10000,5,5,4,0
16822,10000,5,4,2,0
17737,10000,5,5,2,0
18060,10000,5,4,2,0
21515,10000,5,4,3,1
27139,10000,5,5,4,0
27887,10000,5,5,2,0
29021,10000,5,4,4,1
29164,10000,5,5,5,0
29700,10000,5,4,2,0
29739,10000,5,5,4,1
23395,600000,4,3,2,0
27442,550000,4,4,2,1
15345,520000,4,3,2,0
6779,500000,4,0,1,0
11239,500000,4,4,2,1
20903,500000,4,4,2,1
215,470000,4,4,2,0
27097,450000,4,3,2,1
6023,440000,4,3,2,1
6991,410000,4,4,2,0
892,400000,4,1,2,0
12496,400000,4,4,2,0
16856,400000,4,3,2,0
8577,360000,4,4,3,1
25875,360000,4,4,2,1
28424,360000,4,4,2,1
20643,330000,4,4,2,0
3270,320000,4,3,3,1
16608,320000,4,4,2,0
27555,320000,4,4,2,1
3087,310000,4,4,2,0
4332,300000,4,4,2,0
6914,300000,4,4,2,1
10976,300000,4,4,2,0
13170,300000,4,4,2,1
21967,300000,4,4,2,1
23340,300000,4,4,2,0
17722,290000,4,3,2,0
23233,290000,4,4,2,1
2247,280000,4,3,2,1
21934,280000,4,4,2,0
23808,280000,4,4,2,1
27328,280000,4,4,2,1
28920,280000,4,4,2,1
29042,280000,4,4,2,0
24438,270000,4,4,2,0
29541,270000,4,3,2,0
6345,260000,4,4,3,0
6684,260000,4,4,3,1
8100,260000,4,4,2,1
10622,260000,4,4,2,1
15078,260000,4,4,2,1
20623,260000,4,4,3,1
26290,260000,4,4,2,1
28673,260000,4,3,2,0
6119,250000,4,4,2,1
14167,250000,4,4,2,1
15571,250000,4,4,2,1
18084,250000,4,4,3,1
18420,250000,4,4,3,0
4980,240000,4,4,2,1
5785,240000,4,4,2,1
9376,240000,4,3,2,0
11553,240000,4,3,2,1
17876,240000,4,3,2,0
22326,240000,4,3,2,0
26324,240000,4,4,2,0
28971,240000,4,3,2,1
29655,240000,4,4,2,1
7688,230000,4,4,2,0
8013,230000,4,4,2,0
10988,230000,4,3,2,1
15831,230000,4,4,2,1
18667,230000,4,3,2,0
28430,230000,4,4,2,1
5347,220000,4,4,2,1
5962,220000,4,3,2,0
9516,220000,4,4,5,0
16336,220000,4,4,2,0
19235,220000,4,3,3,1
21772,220000,4,4,2,1
22772,220000,4,4,2,1
23510,220000,4,4,2,1
24738,220000,4,3,2,1
28071,220000,4,4,2,1
29516,220000,4,4,2,1
2589,210000,4,4,2,1
6858,210000,4,4,2,1
22510,210000,4,3,2,0
25786,210000,4,3,2,0
1668,200000,4,3,2,1
2557,200000,4,4,2,1
3075,200000,4,3,2,0
3222,200000,4,3,2,0
3241,200000,4,4,2,1
4161,200000,4,3,2,1
4528,200000,4,4,2,0
5851,200000,4,3,2,1
11430,200000,4,4,2,1
14558,200000,4,4,3,1
14710,200000,4,3,2,0
15891,200000,4,4,2,1
15946,200000,4,4,2,1
17408,200000,4,3,2,0
18089,200000,4,4,3,1
18203,200000,4,4,2,0
18769,200000,4,3,2,0
20408,200000,4,4,2,1
21430,200000,4,3,3,0
22268,200000,4,3,2,0
24278,200000,4,4,2,0
24320,200000,4,4,2,1
27335,200000,4,3,2,0
27923,200000,4,4,2,1
29087,200000,4,4,2,1
29465,200000,4,3,2,1
8852,190000,4,3,2,1
16760,190000,4,4,2,1
18828,190000,4,4,2,1
20256,190000,4,4,2,1
21373,190000,4,4,2,0
23417,190000,4,4,2,0
24506,190000,4,4,2,1
26741,190000,4,4,2,1
939,180000,4,3,2,1
1369,180000,4,4,2,0
2390,180000,4,3,2,1
11233,180000,4,4,3,0
12761,180000,4,4,2,1
15243,180000,4,4,2,0
17600,180000,4,3,2,0
18887,180000,4,3,2,1
19165,180000,4,4,2,1
21918,180000,4,3,2,1
28074,180000,4,4,2,1
29656,180000,4,4,2,0
4688,170000,4,3,2,0
8571,170000,4,4,2,0
9403,170000,4,3,2,0
12616,170000,4,4,2,1
1869,160000,4,4,2,1
10811,160000,4,4,2,0
12083,160000,4,4,3,0
14366,160000,4,4,2,0
15118,160000,4,3,2,1
16064,160000,4,4,2,1
19531,160000,4,4,2,0
22769,160000,4,4,3,0
24945,160000,4,4,2,1
27243,160000,4,4,2,1
27862,160000,4,3,2,0
28135,160000,4,3,2,0
28556,160000,4,3,2,0
28625,160000,4,4,2,0
28997,160000,4,4,3,1
1572,150000,4,3,2,0
2389,150000,4,3,2,0
3413,150000,4,3,2,1
4069,150000,4,4,2,0
4639,150000,4,4,3,0
4882,150000,4,4,2,1
5111,150000,4,4,2,0
7274,150000,4,3,2,1
7288,150000,4,4,2,1
7327,150000,4,4,2,1
7978,150000,4,3,2,0
9887,150000,4,4,2,1
11236,150000,4,4,2,0
12114,150000,4,4,2,0
16275,150000,4,4,2,0
16838,150000,4,4,2,1
16845,150000,4,4,3,0
18110,150000,4,4,2,0
19474,150000,4,4,2,0
19514,150000,4,3,2,0
24531,150000,4,4,2,0
27448,150000,4,4,2,1
27987,150000,4,3,2,1
28719,150000,4,4,2,1
28941,150000,4,3,2,0
29691,150000,4,4,3,1
482,140000,4,4,2,1
604,140000,4,4,2,0
1048,140000,4,3,2,1
2562,140000,4,4,2,1
4039,140000,4,4,2,0
5443,140000,4,4,3,1
5830,140000,4,4,2,1
6083,140000,4,4,2,1
8602,140000,4,4,2,0
9287,140000,4,4,4,1
9750,140000,4,4,2,0
10232,140000,4,4,2,0
10832,140000,4,4,2,0
11160,140000,4,3,2,0
14538,140000,4,3,2,1
15729,140000,4,4,3,0
16072,140000,4,3,2,0
16084,140000,4,3,3,0
17065,140000,4,4,2,0
22671,140000,4,4,2,0
26194,140000,4,4,3,1
26827,140000,4,4,2,0
27060,140000,4,3,2,1
28508,140000,4,4,2,0
29056,140000,4,4,5,0
29404,140000,4,3,2,1
2431,130000,4,3,2,0
2636,130000,4,3,2,0
5403,130000,4,4,2,1
6036,130000,4,4,2,0
6087,130000,4,3,2,0
6253,130000,4,4,2,1
9782,130000,4,4,2,1
10123,130000,4,3,2,1
11257,130000,4,3,2,0
12151,130000,4,3,2,0
12725,130000,4,4,2,1
14801,130000,4,4,2,1
15218,130000,4,4,2,1
15748,130000,4,4,2,0
17376,130000,4,4,2,1
17896,130000,4,4,2,1
20946,130000,4,3,2,0
22397,130000,4,4,2,0
23244,130000,4,4,2,1
23304,130000,4,3,2,0
25141,130000,4,4,3,1
25360,130000,4,4,2,1
26762,130000,4,4,2,0
26865,130000,4,4,3,1
1365,120000,4,4,2,0
3247,120000,4,4,2,1
3950,120000,4,4,2,0
6109,120000,4,4,2,1
6266,120000,4,3,2,1
6368,120000,4,4,3,0
7604,120000,4,3,3,1
8037,120000,4,4,2,1
11421,120000,4,4,3,1
12035,120000,4,3,2,0
16129,120000,4,4,2,0
19828,120000,4,4,2,1
20478,120000,4,4,2,1
20565,120000,4,3,2,0
21258,120000,4,4,2,1
21882,120000,4,4,2,1
28504,120000,4,3,2,1
29263,120000,4,4,2,0
558,110000,4,4,2,0
1111,110000,4,3,2,0
3383,110000,4,3,2,1
3441,110000,4,4,2,0
6172,110000,4,4,2,1
6414,110000,4,4,2,1
6881,110000,4,4,2,1
7476,110000,4,4,2,1
8274,110000,4,4,2,0
14720,110000,4,4,3,1
16283,110000,4,4,2,1
17762,110000,4,4,2,1
18000,110000,4,4,3,1
18030,110000,4,3,2,0
18098,110000,4,4,2,1
24133,110000,4,4,2,1
24579,110000,4,4,2,1
24892,110000,4,3,3,1
25755,110000,4,4,2,0
27943,110000,4,4,2,1
534,100000,4,4,3,1
2541,100000,4,4,2,1
2656,100000,4,4,2,1
3353,100000,4,4,2,0
4377,100000,4,3,2,1
5351,100000,4,3,2,0
5456,100000,4,4,4,1
5873,100000,4,4,2,1
6143,100000,4,4,2,0
6179,100000,4,4,3,1
6424,100000,4,4,3,1
6582,100000,4,4,2,0
7142,100000,4,4,2,0
9579,100000,4,4,2,1
10002,100000,4,4,2,0
10591,100000,4,4,2,1
10660,100000,4,4,2,0
11987,100000,4,4,2,0
12009,100000,4,3,2,1
15605,100000,4,4,2,0
15797,100000,4,3,2,0
15980,100000,4,4,2,0
16278,100000,4,3,2,1
16444,100000,4,4,2,0
16663,100000,4,4,2,0
16836,100000,4,4,2,1
17337,100000,4,3,3,1
17655,100000,4,4,2,1
18438,100000,4,3,2,0
18694,100000,4,4,2,0
19233,100000,4,4,2,0
19799,100000,4,4,3,1
20630,100000,4,3,2,0
20786,100000,4,4,2,1
21039,100000,4,4,2,1
22062,100000,4,4,2,1
23063,100000,4,3,2,1
23458,100000,4,3,2,1
23462,100000,4,4,2,0
23675,100000,4,3,2,0
24947,100000,4,4,2,1
26461,100000,4,4,2,1
26720,100000,4,3,2,0
27125,100000,4,4,2,1
27189,100000,4,4,2,1
27211,100000,4,3,2,0
27588,100000,4,3,2,1
27852,100000,4,3,2,0
28964,100000,4,4,2,1
29047,100000,4,3,2,0
911,90000,4,4,2,0
2291,90000,4,3,2,0
2944,90000,4,4,2,1
3535,90000,4,4,2,1
3869,90000,4,3,2,0
6086,90000,4,4,2,1
7580,90000,4,3,2,0
8080,90000,4,4,2,1
11579,90000,4,4,2,1
12296,90000,4,3,2,1
12540,90000,4,4,2,0
12916,90000,4,4,2,1
15641,90000,4,3,2,0
16378,90000,4,3,2,0
17141,90000,4,4,3,1
17504,90000,4,4,3,1
18381,90000,4,4,2,1
19368,90000,4,3,2,0
19370,90000,4,3,2,0
22836,90000,4,4,2,1
27800,90000,4,4,2,1
28828,90000,4,4,2,0
28994,90000,4,4,3,1
29715,90000,4,4,2,1
149,80000,4,3,3,0
1160,80000,4,3,2,0
2340,80000,4,3,2,0
3822,80000,4,3,4,1
4861,80000,4,4,3,1
5047,80000,4,4,2,1
5348,80000,4,3,2,1
5363,80000,4,4,2,0
5465,80000,4,4,2,1
6536,80000,4,4,2,1
6592,80000,4,4,3,0
7043,80000,4,3,2,0
7067,80000,4,4,2,1
7544,80000,4,4,2,0
7628,80000,4,4,2,0
7654,80000,4,3,2,0
8011,80000,4,4,2,1
8017,80000,4,4,2,1
8803,80000,4,3,2,1
9061,80000,4,4,2,0
9320,80000,4,4,2,0
9557,80000,4,4,2,1
11654,80000,4,4,3,1
13290,80000,4,4,2,0
15143,80000,4,4,2,1
15877,80000,4,4,3,0
15911,80000,4,4,2,1
15991,80000,4,3,2,1
16018,80000,4,3,2,1
16273,80000,4,4,3,0
16591,80000,4,4,4,1
16742,80000,4,3,3,1
17130,80000,4,4,4,1
17222,80000,4,4,2,1
18213,80000,4,4,2,1
19816,80000,4,3,2,1
20078,80000,4,4,3,1
20423,80000,4,3,2,1
21953,80000,4,4,2,0
22060,80000,4,4,2,0
23513,80000,4,3,2,1
23573,80000,4,3,2,0
23889,80000,4,4,3,0
24869,80000,4,4,2,0
24975,80000,4,4,2,1
25205,80000,4,4,2,0
25890,80000,4,4,2,0
26224,80000,4,3,2,1
26886,80000,4,3,2,0
26923,80000,4,4,2,1
26954,80000,4,4,5,0
27560,80000,4,3,2,1
27574,80000,4,4,2,1
27893,80000,4,4,3,0
28048,80000,4,4,2,1
28492,80000,4,4,2,1
28682,80000,4,4,3,1
28737,80000,4,4,3,0
29784,80000,4,3,4,0
14,70000,4,3,2,1
23,70000,4,4,2,1
1268,70000,4,3,2,0
1441,70000,4,4,2,0
1730,70000,4,3,2,0
2269,70000,4,4,2,0
3043,70000,4,4,2,1
3065,70000,4,4,2,1
3186,70000,4,4,2,0
3191,70000,4,3,2,1
3848,70000,4,4,2,0
4883,70000,4,4,2,1
5454,70000,4,3,2,1
6377,70000,4,4,2,1
6958,70000,4,3,2,0
7764,70000,4,3,2,1
9141,70000,4,4,3,1
11737,70000,4,4,3,0
11770,70000,4,4,2,0
11962,70000,4,3,3,1
12148,70000,4,4,4,0
12381,70000,4,4,2,0
12586,70000,4,4,3,1
15151,70000,4,4,2,0
15201,70000,4,4,2,0
15996,70000,4,4,2,0
18413,70000,4,4,3,0
18627,70000,4,4,4,1
18706,70000,4,4,2,1
18979,70000,4,4,3,0
18987,70000,4,4,2,1
19030,70000,4,4,2,1
19071,70000,4,4,2,1
19136,70000,4,3,2,1
19783,70000,4,4,2,1
20654,70000,4,3,2,1
21189,70000,4,3,2,1
21331,70000,4,3,2,0
24296,70000,4,4,2,0
25607,70000,4,4,2,1
25952,70000,4,4,5,0
26257,70000,4,4,3,0
26564,70000,4,3,2,1
26758,70000,4,4,4,1
26769,70000,4,3,2,0
26981,70000,4,3,2,1
29325,70000,4,3,3,0
474,60000,4,3,2,0
1036,60000,4,3,2,1
3966,60000,4,4,6,0
4124,60000,4,3,3,1
4169,60000,4,4,2,1
4527,60000,4,3,2,1
5127,60000,4,3,2,0
5784,60000,4,4,2,1
6923,60000,4,4,2,1
7189,60000,4,3,2,1
7751,60000,4,4,2,0
9185,60000,4,4,3,1
10275,60000,4,3,2,0
12490,60000,4,4,2,0
12774,60000,4,3,2,1
12984,60000,4,3,2,1
13672,60000,4,4,2,1
15298,60000,4,4,2,1
15549,60000,4,4,2,1
15913,60000,4,4,2,1
16248,60000,4,4,2,1
16504,60000,4,3,3,1
16770,60000,4,3,2,0
16774,60000,4,3,2,1
16963,60000,4,4,2,1
17465,60000,4,3,2,1
18157,60000,4,4,2,1
20330,60000,4,4,4,0
22628,60000,4,4,2,1
25815,60000,4,4,2,1
26640,60000,4,4,5,1
27187,60000,4,4,2,1
27764,60000,4,4,2,1
28604,60000,4,4,2,1
143,50000,4,3,2,0
355,50000,4,4,2,0
1134,50000,4,4,2,0
1233,50000,4,4,2,0
1297,50000,4,3,2,0
1490,50000,4,4,2,1
1661,50000,4,3,2,0
1860,50000,4,4,3,0
2122,50000,4,3,2,0
2251,50000,4,4,2,0
2286,50000,4,3,3,0
2427,50000,4,3,2,1
2835,50000,4,4,2,1
2990,50000,4,3,2,1
3063,50000,4,3,2,0
3485,50000,4,4,2,1
3509,50000,4,4,2,1
3839,50000,4,4,2,1
3958,50000,4,4,2,1
4092,50000,4,4,2,0
4192,50000,4,4,2,1
4505,50000,4,4,2,0
4727,50000,4,4,2,1
4739,50000,4,3,3,0
4846,50000,4,3,2,0
4856,50000,4,3,2,1
5074,50000,4,3,2,1
5098,50000,4,4,2,1
5397,50000,4,3,2,1
5450,50000,4,3,2,0
5657,50000,4,4,2,1
5798,50000,4,4,4,0
6117,50000,4,4,2,1
6350,50000,4,4,4,0
6384,50000,4,4,2,1
7250,50000,4,3,3,0
7269,50000,4,3,2,1
7940,50000,4,4,2,1
8028,50000,4,4,2,1
8130,50000,4,4,2,1
8135,50000,4,3,2,1
8463,50000,4,4,2,1
8507,50000,4,3,2,0
8718,50000,4,4,2,0
8826,50000,4,4,2,1
9142,50000,4,3,2,1
9457,50000,4,4,2,1
9810,50000,4,3,2,0
10404,50000,4,3,2,1
10657,50000,4,4,2,1
10973,50000,4,3,2,1
11124,50000,4,3,2,0
11471,50000,4,3,2,1
11743,50000,4,4,2,1
12011,50000,4,4,2,1
12023,50000,4,3,2,1
12195,50000,4,4,2,1
12295,50000,4,3,2,0
12356,50000,4,4,2,1
12526,50000,4,4,2,0
12754,50000,4,4,2,0
12906,50000,4,3,2,1
12924,50000,4,4,2,1
13073,50000,4,3,2,1
13577,50000,4,3,2,0
13646,50000,4,4,2,0
13800,50000,4,4,2,0
13980,50000,4,4,2,0
14325,50000,4,3,2,1
14370,50000,4,4,2,1
14502,50000,4,3,2,0
14533,50000,4,4,3,1
14534,50000,4,4,2,1
14674,50000,4,4,2,0
14873,50000,4,3,2,0
15109,50000,4,4,2,0
15193,50000,4,4,3,1
15398,50000,4,4,2,0
15466,50000,4,3,2,1
15496,50000,4,3,2,0
15508,50000,4,4,2,1
15773,50000,4,4,2,1
15953,50000,4,4,2,1
15972,50000,4,4,4,1
16049,50000,4,4,2,0
16212,50000,4,4,2,1
16236,50000,4,4,2,1
16452,50000,4,4,2,1
16631,50000,4,3,2,0
16670,50000,4,3,2,0
16938,50000,4,4,2,1
17019,50000,4,3,2,0
17071,50000,4,4,2,0
17196,50000,4,3,2,0
17201,50000,4,3,2,1
17256,50000,4,3,2,0
17362,50000,4,4,2,1
17390,50000,4,3,3,1
17471,50000,4,3,2,0
17716,50000,4,4,3,0
17775,50000,4,4,3,0
18046,50000,4,4,5,0
18086,50000,4,4,2,0
18761,50000,4,4,2,1
19724,50000,4,4,3,1
19767,50000,4,3,2,1
19824,50000,4,3,2,0
19846,50000,4,3,2,1
19919,50000,4,4,2,0
19972,50000,4,4,2,1
20130,50000,4,4,3,1
20132,50000,4,4,2,1
20147,50000,4,4,5,1
20679,50000,4,3,2,1
21033,50000,4,4,2,0
21200,50000,4,4,2,1
21313,50000,4,3,2,1
21480,50000,4,3,3,0
21582,50000,4,3,2,0
21622,50000,4,4,3,1
21723,50000,4,4,2,1
21738,50000,4,3,2,0
21830,50000,4,4,2,1
21993,50000,4,4,2,1
22034,50000,4,3,2,0
22459,50000,4,4,2,1
22531,50000,4,4,3,0
23136,50000,4,3,2,0
23239,50000,4,3,3,0
23732,50000,4,3,2,1
23966,50000,4,4,4,0
24012,50000,4,4,4,1
24218,50000,4,2,2,0
24361,50000,4,4,3,1
24744,50000,4,4,3,1
24885,50000,4,4,5,0
25081,50000,4,4,2,1
25148,50000,4,4,4,0
25155,50000,4,4,2,0
25156,50000,4,3,4,0
26304,50000,4,4,2,1
26663,50000,4,3,2,0
26756,50000,4,3,2,0
26780,50000,4,4,2,1
27185,50000,4,4,2,1
27274,50000,4,4,3,1
28068,50000,4,3,2,1
28347,50000,4,4,2,0
28459,50000,4,3,2,1
29074,50000,4,3,3,1
29376,50000,4,3,2,1
29571,50000,4,4,5,0
29588,50000,4,4,2,0
29619,50000,4,4,5,1
29683,50000,4,3,2,1
29782,50000,4,4,5,0
29940,50000,4,3,2,1
29947,50000,4,3,2,0
857,40000,4,4,2,1
1787,40000,4,4,2,1
5259,40000,4,3,2,1
7894,40000,4,4,2,1
11418,40000,4,4,2,1
13255,40000,4,4,2,1
13443,40000,4,4,3,0
16235,40000,4,4,3,1
16249,40000,4,3,2,0
19692,40000,4,3,3,1
21158,40000,4,4,3,0
21207,40000,4,4,3,0
22447,40000,4,4,2,1
22501,40000,4,3,2,1
27671,40000,4,3,2,1
245,30000,4,4,2,0
543,30000,4,4,3,1
934,30000,4,4,2,1
1030,30000,4,4,2,1
1638,30000,4,4,2,0
1848,30000,4,3,3,1
2050,30000,4,3,2,0
2432,30000,4,4,2,1
3002,30000,4,4,4,1
3009,30000,4,4,2,1
3605,30000,4,3,3,1
4084,30000,4,3,2,0
4263,30000,4,3,2,1
4507,30000,4,4,5,1
5712,30000,4,4,3,0
5832,30000,4,3,2,0
6303,30000,4,3,2,1
6906,30000,4,4,2,1
7304,30000,4,3,2,1
7480,30000,4,4,2,1
7481,30000,4,4,2,1
7499,30000,4,4,2,1
7771,30000,4,3,2,0
7842,30000,4,3,2,1
8603,30000,4,4,3,0
8722,30000,4,3,2,1
9159,30000,4,4,2,1
9368,30000,4,3,2,0
9577,30000,4,4,2,1
9789,30000,4,4,2,0
9941,30000,4,4,2,1
10078,30000,4,4,2,0
10097,30000,4,4,2,1
10178,30000,4,3,2,1
10348,30000,4,4,3,1
10350,30000,4,4,3,0
10413,30000,4,3,2,0
10872,30000,4,3,3,0
11028,30000,4,4,2,1
11655,30000,4,4,2,1
11698,30000,4,3,4,1
12482,30000,4,4,2,0
12582,30000,4,4,2,1
12966,30000,4,4,2,1
13620,30000,4,3,2,0
13707,30000,4,4,2,0
13790,30000,4,3,2,0
13955,30000,4,4,2,1
14337,30000,4,3,2,1
14699,30000,4,3,2,1
14780,30000,4,4,2,0
15008,30000,4,3,2,0
15228,30000,4,4,2,1
15741,30000,4,4,3,0
15761,30000,4,4,2,1
15928,30000,4,3,3,1
15969,30000,4,3,2,0
16014,30000,4,3,3,1
16115,30000,4,4,2,0
16240,30000,4,4,3,0
16293,30000,4,4,4,1
16529,30000,4,3,2,0
16623,30000,4,4,2,1
16640,30000,4,3,2,1
16740,30000,4,3,3,0
16781,30000,4,4,4,0
16931,30000,4,4,3,1
16959,30000,4,4,3,1
16984,30000,4,4,4,0
17075,30000,4,4,3,1
17206,30000,4,4,2,0
17527,30000,4,4,2,0
17712,30000,4,4,2,1
17794,30000,4,4,2,1
17820,30000,4,4,4,0
17987,30000,4,3,2,1
18357,30000,4,4,2,0
18358,30000,4,4,2,1
18369,30000,4,4,2,1
18568,30000,4,3,2,0
18691,30000,4,4,2,0
19027,30000,4,3,2,1
19102,30000,4,3,2,0
19245,30000,4,4,3,1
19257,30000,4,4,5,1
19542,30000,4,4,2,1
19794,30000,4,3,2,0
20711,30000,4,4,4,0
21088,30000,4,4,3,1
21516,30000,4,4,2,1
22226,30000,4,4,2,0
22355,30000,4,4,2,1
22786,30000,4,4,2,1
23262,30000,4,4,3,0
23645,30000,4,4,2,1
23806,30000,4,4,2,0
24147,30000,4,4,2,0
24308,30000,4,3,2,1
24702,30000,4,3,2,1
25308,30000,4,4,2,1
25719,30000,4,4,3,1
26477,30000,4,4,2,1
26696,30000,4,3,2,1
27112,30000,4,4,3,1
27819,30000,4,4,2,1
27972,30000,4,3,2,1
28202,30000,4,3,2,1
28322,30000,4,4,2,0
29260,30000,4,4,3,1
29587,30000,4,3,2,1
29679,30000,4,4,2,0
29904,30000,4,4,2,0
17,20000,4,4,2,1
427,20000,4,4,2,1
808,20000,4,4,2,1
1135,20000,4,3,2,0
1533,20000,4,4,4,0
1670,20000,4,4,3,0
2118,20000,4,4,3,0
2144,20000,4,4,3,1
2234,20000,4,3,2,0
2579,20000,4,3,2,1
3018,20000,4,4,2,0
3140,20000,4,3,2,1
3170,20000,4,3,2,1
3302,20000,4,3,3,1
3572,20000,4,3,2,0
4041,20000,4,4,3,0
4147,20000,4,4,3,1
4712,20000,4,4,2,0
4751,20000,4,3,2,1
5006,20000,4,4,3,0
5063,20000,4,4,2,1
5234,20000,4,3,3,1
5382,20000,4,3,3,1
5818,20000,4,4,2,1
6325,20000,4,4,2,1
7373,20000,4,4,2,0
7964,20000,4,4,2,1
8509,20000,4,4,2,0
8594,20000,4,3,2,1
8630,20000,4,3,2,1
8636,20000,4,3,3,1
9222,20000,4,4,4,1
9725,20000,4,4,2,0
9927,20000,4,3,3,1
9957,20000,4,4,2,0
10310,20000,4,4,2,1
10347,20000,4,4,2,1
10500,20000,4,4,2,1
11030,20000,4,3,3,1
11466,20000,4,4,3,1
11702,20000,4,4,2,0
11818,20000,4,3,2,0
11896,20000,4,3,2,0
12113,20000,4,3,2,0
12272,20000,4,4,2,1
12312,20000,4,4,3,1
12516,20000,4,4,2,0
12825,20000,4,4,2,1
12986,20000,4,4,3,1
13077,20000,4,4,3,1
13211,20000,4,4,2,1
13688,20000,4,4,3,0
13784,20000,4,3,2,0
13857,20000,4,4,2,1
14561,20000,4,4,2,1
14914,20000,4,4,2,0
15102,20000,4,3,2,0
15271,20000,4,3,2,1
15588,20000,4,3,2,1
15688,20000,4,3,4,0
15749,20000,4,4,3,1
15958,20000,4,3,3,1
16020,20000,4,3,2,0
16110,20000,4,3,2,1
16198,20000,4,4,2,1
16447,20000,4,3,2,0
16464,20000,4,4,4,1
16468,20000,4,3,2,1
16491,20000,4,4,2,1
16509,20000,4,4,3,0
16532,20000,4,3,3,1
16629,20000,4,4,2,1
16675,20000,4,3,2,1
16788,20000,4,3,2,1
16821,20000,4,4,2,1
16942,20000,4,4,3,0
17176,20000,4,4,5,1
17507,20000,4,4,3,0
17532,20000,4,4,2,1
17579,20000,4,4,4,0
17681,20000,4,3,2,0
17839,20000,4,3,2,0
18209,20000,4,4,2,1
18231,20000,4,4,3,0
18339,20000,4,4,4,1
18345,20000,4,4,2,0
18384,20000,4,4,2,1
18466,20000,4,4,2,0
18527,20000,4,4,2,1
20005,20000,4,3,3,0
20250,20000,4,4,2,1
20379,20000,4,4,2,0
20382,20000,4,4,3,1
20399,20000,4,4,3,0
20409,20000,4,3,2,0
20647,20000,4,3,4,1
20659,20000,4,4,3,1
20738,20000,4,4,3,1
20741,20000,4,3,3,1
20896,20000,4,3,2,1
20907,20000,4,4,2,0
21195,20000,4,4,2,0
21248,20000,4,4,2,0
21249,20000,4,4,2,1
21272,20000,4,4,2,0
21359,20000,4,4,3,1
21490,20000,4,4,4,1
21555,20000,4,3,2,0
21607,20000,4,3,3,0
22396,20000,4,4,2,0
22402,20000,4,3,2,0
22443,20000,4,3,4,0
22680,20000,4,3,2,1
23506,20000,4,3,2,1
23598,20000,4,4,2,1
23599,20000,4,4,2,1
23630,20000,4,3,2,0
23723,20000,4,4,2,0
23845,20000,4,3,2,0
23884,20000,4,3,2,1
23898,20000,4,3,4,1
23911,20000,4,4,2,0
23923,20000,4,4,3,0
23929,20000,4,3,3,1
24014,20000,4,3,2,1
24036,20000,4,4,4,1
24151,20000,4,3,2,0
24294,20000,4,3,3,1
24437,20000,4,4,3,1
24693,20000,4,4,2,0
24776,20000,4,3,2,0
24952,20000,4,4,3,0
25169,20000,4,4,2,1
25342,20000,4,4,2,0
26291,20000,4,4,2,1
26349,20000,4,4,2,0
26531,20000,4,3,2,0
26533,20000,4,4,2,1
26586,20000,4,4,4,1
26620,20000,4,4,2,1
26666,20000,4,3,4,1
26868,20000,4,3,3,0
27235,20000,4,4,2,1
27253,20000,4,3,2,0
27602,20000,4,3,3,1
27625,20000,4,4,2,0
28457,20000,4,3,3,0
28910,20000,4,3,2,0
29138,20000,4,3,3,1
29170,20000,4,3,2,1
29179,20000,4,3,2,1
29182,20000,4,4,2,1
29183,20000,4,3,2,1
29219,20000,4,3,3,1
29324,20000,4,3,2,1
29518,20000,4,4,2,0
29772,20000,4,3,3,1
29777,20000,4,4,5,1
2242,10000,4,3,2,0
2332,10000,4,4,2,0
3583,10000,4,4,2,1
4189,10000,4,4,3,0
6913,10000,4,4,2,1
7812,10000,4,3,2,0
9143,10000,4,4,3,1
9379,10000,4,3,4,0
9709,10000,4,4,2,0
10396,10000,4,3,2,1
10809,10000,4,4,5,1
11382,10000,4,4,2,1
11778,10000,4,4,5,0
12581,10000,4,4,2,1
13869,10000,4,3,2,0
15755,10000,4,3,3,0
15766,10000,4,3,2,1
16288,10000,4,3,3,1
16560,10000,4,4,4,0
16583,10000,4,4,3,1
16589,10000,4,4,2,0
16787,10000,4,3,4,0
20357,10000,4,3,2,1
20365,10000,4,3,3,1
24967,10000,4,3,3,1
25199,10000,4,3,2,0
26021,10000,4,4,2,1
26151,10000,4,4,3,1
26460,10000,4,3,2,0
26596,10000,4,4,2,1
27193,10000,4,3,2,1
27605,10000,4,4,3,1
29130,10000,4,4,2,1
29249,10000,4,3,2,1
29419,10000,4,4,2,1
15584,600000,3,3,2,1
15664,550000,3,2,2,0
361,500000,3,3,4,1
1458,500000,3,2,2,1
4323,500000,3,3,2,0
9275,500000,3,2,2,0
20824,500000,3,3,2,0
21110,500000,3,3,2,0
25063,500000,3,2,2,0
25125,500000,3,3,2,1
26363,450000,3,2,2,0
9146,440000,3,3,3,1
14411,440000,3,3,3,1
19013,440000,3,2,2,1
19701,430000,3,2,2,0
2407,420000,3,3,2,1
16508,420000,3,2,2,1
18095,420000,3,3,2,0
20714,420000,3,2,2,0
27010,420000,3,3,2,1
27767,420000,3,3,2,0
8086,410000,3,3,2,1
4673,400000,3,3,4,1
29007,400000,3,2,2,0
6726,390000,3,3,2,1
9188,390000,3,3,2,0
17189,390000,3,3,2,1
23214,390000,3,3,2,0
961,380000,3,2,2,1
19518,380000,3,3,3,1
4347,370000,3,2,2,0
6890,370000,3,3,4,1
15696,370000,3,2,2,0
221,360000,3,3,2,1
1497,360000,3,3,2,1
2293,360000,3,2,2,0
5625,360000,3,2,3,1
9029,360000,3,2,2,0
10012,360000,3,2,2,0
10637,360000,3,2,2,0
10853,360000,3,2,2,1
14689,360000,3,3,3,1
15416,360000,3,3,3,1
16351,360000,3,2,2,0
20156,360000,3,3,2,0
29649,360000,3,3,3,1
4610,350000,3,3,2,0
7542,350000,3,3,2,0
12649,350000,3,3,2,1
15044,350000,3,2,2,1
24813,350000,3,3,2,1
24908,350000,3,2,2,0
29851,350000,3,2,2,0
5923,340000,3,3,4,1
13382,340000,3,3,2,0
22852,340000,3,3,3,1
6029,330000,3,2,2,0
13210,320000,3,2,2,0
14578,320000,3,2,2,1
18856,320000,3,2,2,1
22660,320000,3,2,2,0
9410,310000,3,2,2,0
17253,310000,3,3,2,1
18137,310000,3,2,2,0
21802,310000,3,3,2,0
3668,300000,3,2,2,0
6215,300000,3,2,3,0
6488,300000,3,3,2,0
9413,300000,3,2,2,0
24286,300000,3,2,2,0
27416,300000,3,2,3,1
27452,300000,3,2,2,0
28173,300000,3,2,3,1
1519,290000,3,3,2,0
14193,290000,3,2,2,0
23827,290000,3,3,2,0
27884,290000,3,2,2,0
28641,290000,3,3,2,1
29346,290000,3,3,2,1
29833,290000,3,3,2,1
1152,280000,3,2,2,0
4925,280000,3,2,2,0
5096,280000,3,3,2,0
5987,280000,3,2,2,0
9502,280000,3,3,2,0
9679,280000,3,3,2,1
10691,280000,3,3,3,0
13723,280000,3,3,2,1
15392,280000,3,3,2,0
10733,270000,3,3,2,1
19439,270000,3,3,2,1
19601,270000,3,3,2,1
21081,270000,3,2,2,0
1103,260000,3,3,2,0
1363,260000,3,3,2,1
5755,260000,3,2,2,1
11886,260000,3,3,2,0
14519,260000,3,3,2,0
17433,260000,3,3,2,1
21148,260000,3,3,3,1
22521,260000,3,3,2,0
22986,260000,3,3,2,1
24172,260000,3,3,2,1
4424,250000,3,2,2,0
9310,250000,3,3,2,0
9896,250000,3,3,2,1
11419,250000,3,2,2,0
13966,250000,3,2,3,0
14802,250000,3,3,2,0
17058,250000,3,3,2,0
17162,250000,3,3,2,1
17470,250000,3,3,3,1
18071,250000,3,2,2,0
19827,250000,3,3,2,0
26127,250000,3,3,2,0
136,240000,3,3,2,0
1146,240000,3,3,2,1
3239,240000,3,3,3,0
8927,240000,3,2,2,1
14492,240000,3,3,2,1
25366,240000,3,3,2,1
25746,240000,3,3,3,0
29145,240000,3,3,3,1
29669,240000,3,3,2,1
29874,240000,3,3,2,1
781,230000,3,3,2,0
3298,230000,3,3,4,1
6433,230000,3,3,2,0
11434,230000,3,3,2,1
12385,230000,3,3,2,1
12990,230000,3,3,2,1
14155,230000,3,2,2,0
15302,230000,3,2,2,0
17919,230000,3,3,2,1
19954,230000,3,3,2,0
21029,230000,3,2,2,1
21898,230000,3,3,3,1
23403,230000,3,2,2,0
24355,230000,3,3,2,0
24635,230000,3,2,2,0
327,220000,3,3,2,1
1945,220000,3,3,2,1
3909,220000,3,3,2,1
9909,220000,3,3,2,1
14462,220000,3,3,3,1
14755,220000,3,3,2,1
15360,220000,3,3,2,1
16702,220000,3,3,3,1
16711,220000,3,3,2,1
28115,220000,3,3,3,0
28569,220000,3,2,2,0
29528,220000,3,3,3,0
2901,210000,3,3,2,0
7347,210000,3,3,2,0
9338,210000,3,3,2,1
9710,210000,3,2,2,0
10398,210000,3,3,2,0
12459,210000,3,2,2,1
17147,210000,3,3,2,1
21770,210000,3,2,2,0
22792,210000,3,3,2,0
25799,210000,3,2,2,1
25816,210000,3,2,2,1
26912,210000,3,2,2,1
314,200000,3,3,2,1
424,200000,3,3,2,1
2295,200000,3,2,2,0
2396,200000,3,3,2,0
2482,200000,3,2,2,1
2796,200000,3,3,2,0
3607,200000,3,3,2,0
6047,200000,3,2,2,0
6639,200000,3,3,2,0
6722,200000,3,3,2,1
7700,200000,3,3,2,0
10057,200000,3,2,2,0
10704,200000,3,3,2,1
10812,200000,3,3,2,1
11714,200000,3,3,2,0
12058,200000,3,2,2,0
12491,200000,3,3,2,1
12670,200000,3,3,2,1
14347,200000,3,2,2,0
16139,200000,3,3,2,0
17538,200000,3,3,2,1
18631,200000,3,3,2,0
19805,200000,3,3,2,1
20868,200000,3,3,2,1
20976,200000,3,2,2,1
21085,200000,3,2,2,1
21334,200000,3,3,2,0
22460,200000,3,3,2,0
23050,200000,3,3,2,0
24109,200000,3,3,3,0
25306,200000,3,2,2,0
27206,200000,3,3,2,1
29050,200000,3,2,2,1
29477,200000,3,3,2,0
29611,200000,3,3,3,1
234,190000,3,3,2,1
5016,190000,3,3,2,0
6342,190000,3,3,2,1
19412,190000,3,3,2,0
24007,190000,3,3,2,0
24527,190000,3,3,2,0
1176,180000,3,3,2,1
1713,180000,3,3,2,1
2303,180000,3,2,2,1
2420,180000,3,3,3,0
4699,180000,3,3,2,0
4920,180000,3,2,2,0
5769,180000,3,2,2,1
6125,180000,3,3,2,1
8335,180000,3,3,2,1
10402,180000,3,3,2,1
10594,180000,3,2,2,1
11708,180000,3,2,2,0
12976,180000,3,2,2,0
13491,180000,3,3,2,1
18014,180000,3,3,2,1
19590,180000,3,3,2,0
21438,180000,3,2,2,0
21805,180000,3,3,2,0
22565,180000,3,2,3,0
24055,180000,3,3,3,0
25882,180000,3,2,2,1
1496,170000,3,3,2,0
11092,170000,3,3,2,0
19063,170000,3,2,2,0
23186,170000,3,2,2,1
24472,170000,3,2,2,0
24868,170000,3,3,2,0
24994,170000,3,3,3,0
27783,170000,3,3,2,0
27815,170000,3,3,2,0
1607,160000,3,3,3,1
2121,160000,3,3,2,0
4689,160000,3,3,2,1
7846,160000,3,3,4,0
8109,160000,3,2,2,1
9935,160000,3,3,2,1
13066,160000,3,3,2,1
13538,160000,3,2,2,0
13987,160000,3,3,3,1
14834,160000,3,2,3,1
15343,160000,3,3,2,0
16083,160000,3,2,2,1
17764,160000,3,2,2,0
17988,160000,3,2,2,1
18230,160000,3,3,2,0
19345,160000,3,3,2,0
20999,160000,3,3,2,1
21102,160000,3,3,2,1
21483,160000,3,3,2,1
21835,160000,3,2,2,0
25100,160000,3,3,2,1
25259,160000,3,2,2,0
26303,160000,3,2,2,1
26575,160000,3,2,2,1
26687,160000,3,3,2,1
27359,160000,3,3,2,1
1882,150000,3,3,2,1
2077,150000,3,2,2,1
2294,150000,3,3,2,1
4048,150000,3,3,2,1
4301,150000,3,2,2,1
4789,150000,3,3,2,1
4850,150000,3,2,2,1
4927,150000,3,3,2,0
5497,150000,3,3,2,0
6432,150000,3,3,3,0
7423,150000,3,3,2,1
7642,150000,3,2,2,0
8450,150000,3,3,2,1
10454,150000,3,3,2,0
10503,150000,3,3,2,1
10506,150000,3,2,2,0
11660,150000,3,2,2,1
11850,150000,3,2,2,0
14964,150000,3,3,4,0
16364,150000,3,3,2,1
16615,150000,3,3,2,1
17168,150000,3,3,2,1
17240,150000,3,3,2,0
17348,150000,3,2,2,1
19427,150000,3,3,2,0
20758,150000,3,3,3,1
21149,150000,3,3,3,1
21218,150000,3,3,2,1
22346,150000,3,3,2,1
23273,150000,3,3,2,0
25519,150000,3,3,2,1
25780,150000,3,3,2,0
28928,150000,3,3,2,1
2722,140000,3,3,2,1
3805,140000,3,2,2,0
5240,140000,3,3,2,0
7210,140000,3,3,2,0
7935,140000,3,3,2,1
9289,140000,3,2,2,0
9420,140000,3,3,2,0
10081,140000,3,2,2,1
10133,140000,3,3,2,1
10403,140000,3,3,2,0
13346,140000,3,3,2,0
13448,140000,3,2,2,0
13458,140000,3,3,2,0
14059,140000,3,2,2,0
14543,140000,3,3,2,0
16863,140000,3,3,2,0
17356,140000,3,3,2,0
19315,140000,3,3,2,1
20113,140000,3,3,2,1
21275,140000,3,2,2,1
23398,140000,3,3,2,1
24777,140000,3,2,2,0
25222,140000,3,3,2,1
25432,140000,3,3,3,1
29277,140000,3,2,3,1
2703,130000,3,3,2,0
3324,130000,3,2,2,0
4205,130000,3,3,2,0
4696,130000,3,3,2,1
4987,130000,3,2,2,1
5931,130000,3,3,3,0
7372,130000,3,2,2,0
7770,130000,3,3,2,1
8983,130000,3,3,2,1
10064,130000,3,3,2,1
11046,130000,3,3,2,1
11191,130000,3,3,3,0
11289,130000,3,3,3,1
11822,130000,3,2,2,0
16601,130000,3,3,2,1
16956,130000,3,3,2,0
18073,130000,3,3,2,0
18473,130000,3,3,2,0
18708,130000,3,3,2,0
20593,130000,3,3,2,0
21354,130000,3,3,2,0
21575,130000,3,2,2,0
21851,130000,3,2,2,0
22045,130000,3,3,3,0
24008,130000,3,3,2,0
25569,130000,3,3,2,1
26683,130000,3,3,2,1
26901,130000,3,3,2,1
27086,130000,3,3,2,1
27854,130000,3,3,2,0
29400,130000,3,3,2,0
3931,120000,3,3,2,1
6376,120000,3,2,2,1
7748,120000,3,3,4,1
9767,120000,3,2,2,0
11732,120000,3,3,2,1
11773,120000,3,3,2,1
12092,120000,3,3,2,0
16689,120000,3,3,3,1
16753,120000,3,3,2,0
17932,120000,3,3,2,1
18570,120000,3,2,2,0
18862,120000,3,2,2,0
21424,120000,3,3,2,0
23495,120000,3,3,3,0
24333,120000,3,3,2,0
26431,120000,3,3,2,1
26894,120000,3,3,2,0
28413,120000,3,3,2,0
321,110000,3,2,2,1
2842,110000,3,3,2,0
3310,110000,3,3,2,1
3728,110000,3,2,2,1
6275,110000,3,2,2,1
7281,110000,3,2,2,0
7335,110000,3,3,2,1
9258,110000,3,3,2,0
10111,110000,3,2,2,1
10322,110000,3,3,2,0
11611,110000,3,3,2,1
12758,110000,3,2,2,0
13275,110000,3,2,2,0
13357,110000,3,3,2,0
14568,110000,3,2,2,0
16247,110000,3,3,2,0
16420,110000,3,3,2,0
17535,110000,3,3,2,1
17724,110000,3,2,2,0
20298,110000,3,3,2,1
21688,110000,3,2,3,0
22876,110000,3,2,2,0
27678,110000,3,3,2,1
27857,110000,3,3,2,0
29635,110000,3,3,3,1
186,100000,3,2,2,1
551,100000,3,3,2,1
1145,100000,3,3,2,1
1244,100000,3,3,2,1
1921,100000,3,2,2,1
2127,100000,3,3,2,0
2465,100000,3,3,4,1
2908,100000,3,3,2,1
3494,100000,3,3,2,0
3540,100000,3,2,2,1
3713,100000,3,2,2,0
4480,100000,3,2,2,0
4591,100000,3,3,2,1
4768,100000,3,3,3,1
5427,100000,3,3,2,0
6911,100000,3,3,3,1
7025,100000,3,3,2,1
7068,100000,3,2,2,0
7831,100000,3,3,2,0
8071,100000,3,2,2,0
8395,100000,3,3,2,0
8627,100000,3,2,3,0
9489,100000,3,3,2,1
11977,100000,3,2,2,0
12805,100000,3,3,5,0
13402,100000,3,3,2,0
14064,100000,3,3,2,1
15225,100000,3,3,2,0
15851,100000,3,3,2,1
16080,100000,3,3,2,1
16456,100000,3,3,2,1
17349,100000,3,2,2,0
17763,100000,3,3,2,1
18125,100000,3,3,2,0
18431,100000,3,3,3,1
18960,100000,3,3,3,0
19471,100000,3,2,2,0
20645,100000,3,2,2,0
20656,100000,3,3,2,1
21595,100000,3,2,2,1
23452,100000,3,2,2,0
23507,100000,3,2,2,1
24483,100000,3,2,2,1
24737,100000,3,3,2,0
26351,100000,3,3,2,1
28517,100000,3,3,2,1
373,90000,3,3,2,0
1722,90000,3,3,2,0
1967,90000,3,0,1,0
2941,90000,3,3,2,0
3563,90000,3,3,2,1
4366,90000,3,3,4,1
5222,90000,3,3,2,1
5391,90000,3,3,2,1
6405,90000,3,3,2,0
7720,90000,3,3,2,1
7747,90000,3,2,2,0
7782,90000,3,3,2,1
8863,90000,3,2,2,0
9809,90000,3,2,2,0
10092,90000,3,3,2,0
10205,90000,3,3,2,0
10324,90000,3,2,2,1
10689,90000,3,3,2,1
11616,90000,3,3,3,1
13673,90000,3,3,2,0
15171,90000,3,3,2,1
15590,90000,3,3,2,1
16369,90000,3,3,2,1
17996,90000,3,2,2,1
18707,90000,3,3,2,1
18916,90000,3,3,2,1
22064,90000,3,3,2,0
22411,90000,3,3,2,0
23147,90000,3,3,2,1
23323,90000,3,2,2,1
23728,90000,3,3,2,1
23846,90000,3,3,2,1
24227,90000,3,2,2,1
24643,90000,3,2,2,1
25239,90000,3,2,3,0
26054,90000,3,2,2,0
27827,90000,3,2,2,1
28991,90000,3,2,2,0
29574,90000,3,3,3,1
29751,90000,3,2,2,0
388,80000,3,3,2,1
725,80000,3,3,2,0
905,80000,3,3,2,0
1418,80000,3,3,3,0
2096,80000,3,2,2,1
2484,80000,3,2,2,0
2746,80000,3,3,2,1
3295,80000,3,3,2,1
3348,80000,3,3,2,0
3593,80000,3,3,2,0
4095,80000,3,3,2,0
5341,80000,3,2,2,0
5453,80000,3,3,2,0
5722,80000,3,3,3,0
8441,80000,3,2,2,1
8730,80000,3,2,2,0
9207,80000,3,2,2,0
9282,80000,3,2,3,1
9565,80000,3,3,2,0
9780,80000,3,2,2,1
9871,80000,3,2,2,0
10357,80000,3,3,2,0
10450,80000,3,3,2,1
10630,80000,3,2,2,0
10701,80000,3,3,2,1
11121,80000,3,3,3,0
11296,80000,3,3,2,1
11602,80000,3,2,2,0
12022,80000,3,2,2,0
12186,80000,3,2,2,0
12402,80000,3,3,2,1
12501,80000,3,3,2,0
13370,80000,3,2,2,0
14037,80000,3,2,2,1
14281,80000,3,3,3,1
14389,80000,3,3,2,1
14438,80000,3,3,2,1
14611,80000,3,2,2,0
15236,80000,3,3,2,0
15435,80000,3,2,2,1
15665,80000,3,2,2,1
16556,80000,3,2,2,0
17242,80000,3,3,2,1
17651,80000,3,2,2,0
18524,80000,3,3,2,0
18719,80000,3,2,2,1
19053,80000,3,3,2,1
19086,80000,3,3,3,1
20838,80000,3,3,2,1
21734,80000,3,2,2,0
21958,80000,3,3,2,0
22115,80000,3,2,2,0
23596,80000,3,3,2,1
23975,80000,3,2,2,0
24948,80000,3,3,2,1
25212,80000,3,3,2,1
25964,80000,3,2,3,0
26126,80000,3,3,2,1
26671,80000,3,3,2,0
27598,80000,3,3,2,1
27812,80000,3,3,2,0
28345,80000,3,2,2,1
28561,80000,3,3,2,1
29795,80000,3,3,2,1
29822,80000,3,2,2,0
1639,70000,3,2,3,1
5198,70000,3,2,2,0
6180,70000,3,3,2,1
6191,70000,3,2,2,0
8881,70000,3,2,2,1
8905,70000,3,3,3,0
9024,70000,3,2,2,0
9323,70000,3,3,3,1
9331,70000,3,2,2,1
10656,70000,3,3,2,1
10666,70000,3,2,2,0
11143,70000,3,2,2,0
11165,70000,3,3,2,1
11862,70000,3,2,2,0
11969,70000,3,3,2,0
12136,70000,3,3,4,1
13949,70000,3,3,2,1
14209,70000,3,3,2,1
15832,70000,3,3,2,1
16253,70000,3,2,2,1
16335,70000,3,2,2,1
16565,70000,3,3,3,0
16579,70000,3,2,3,0
17175,70000,3,3,2,0
18688,70000,3,3,2,1
19840,70000,3,2,2,1
20207,70000,3,2,2,0
20919,70000,3,2,2,1
21684,70000,3,3,2,1
22475,70000,3,3,2,1
23772,70000,3,3,2,1
24731,70000,3,3,2,1
25133,70000,3,3,2,1
27556,70000,3,3,3,0
27814,70000,3,3,2,0
29227,70000,3,2,2,0
130,60000,3,3,3,0
241,60000,3,2,2,0
730,60000,3,3,2,1
1381,60000,3,3,3,0
2302,60000,3,3,3,0
2378,60000,3,3,2,1
2876,60000,3,2,2,0
2903,60000,3,2,2,1
3040,60000,3,3,2,1
4718,60000,3,3,2,0
5060,60000,3,2,2,0
5201,60000,3,3,2,0
5272,60000,3,3,2,1
6230,60000,3,3,2,0
7418,60000,3,3,2,0
9011,60000,3,3,2,0
9917,60000,3,3,2,0
10106,60000,3,2,2,1
10452,60000,3,3,3,0
10671,60000,3,2,2,0
11000,60000,3,2,3,0
11824,60000,3,3,2,1
11868,60000,3,3,2,0
12447,60000,3,2,2,1
12464,60000,3,2,2,0
13165,60000,3,3,2,1
13383,60000,3,3,2,1
15359,60000,3,2,3,0
15593,60000,3,2,3,1
15751,60000,3,3,2,1
15964,60000,3,2,2,1
17177,60000,3,3,2,1
17894,60000,3,3,2,1
18674,60000,3,2,2,0
18922,60000,3,2,2,0
19399,60000,3,3,3,0
19625,60000,3,2,2,1
19778,60000,3,3,2,0
22603,60000,3,3,2,0
23476,60000,3,3,2,1
23482,60000,3,2,2,0
24001,60000,3,3,2,0
24136,60000,3,3,2,0
24250,60000,3,3,2,1
24479,60000,3,2,2,0
25901,60000,3,3,2,1
26221,60000,3,2,2,1
27044,60000,3,3,2,1
27634,60000,3,3,2,1
27821,60000,3,3,2,0
28368,60000,3,2,2,0
28525,60000,3,2,2,0
28635,60000,3,2,2,0
28851,60000,3,2,2,0
29139,60000,3,2,2,1
178,50000,3,2,2,0
225,50000,3,2,3,1
251,50000,3,2,2,0
270,50000,3,3,3,1
319,50000,3,3,3,0
363,50000,3,3,4,0
382,50000,3,3,2,1
704,50000,3,2,3,1
761,50000,3,2,2,1
827,50000,3,2,2,0
990,50000,3,2,2,0
1095,50000,3,2,2,0
1130,50000,3,3,2,1
1489,50000,3,3,3,1
1592,50000,3,2,2,0
1645,50000,3,3,2,1
1774,50000,3,3,2,1
2099,50000,3,3,2,1
2132,50000,3,2,2,0
2549,50000,3,3,2,0
2633,50000,3,2,2,1
2659,50000,3,3,2,0
3253,50000,3,2,3,1
3577,50000,3,3,2,1
3597,50000,3,3,2,0
4064,50000,3,3,2,1
4077,50000,3,3,3,1
4141,50000,3,3,3,0
4165,50000,3,3,6,1
4262,50000,3,2,3,1
4802,50000,3,3,2,1
4839,50000,3,3,3,1
5075,50000,3,2,2,0
5223,50000,3,3,2,0
5231,50000,3,2,2,0
5827,50000,3,3,2,0
5902,50000,3,3,2,0
6070,50000,3,3,2,1
6355,50000,3,3,2,1
6503,50000,3,2,2,0
6547,50000,3,2,3,1
6576,50000,3,3,2,1
6618,50000,3,3,2,1
6663,50000,3,2,2,1
6947,50000,3,3,2,0
7050,50000,3,3,2,1
7280,50000,3,3,3,1
7523,50000,3,3,2,0
7537,50000,3,3,2,1
7903,50000,3,3,2,0
7918,50000,3,3,2,1
8497,50000,3,3,2,0
8677,50000,3,3,2,1
8691,50000,3,3,2,0
8841,50000,3,3,2,1
8914,50000,3,3,3,1
8989,50000,3,3,2,0
9423,50000,3,3,2,1
9627,50000,3,3,4,1
9763,50000,3,2,2,1
9945,50000,3,2,3,0
10018,50000,3,3,3,0
10181,50000,3,3,2,1
10207,50000,3,3,2,0
10222,50000,3,2,2,0
10537,50000,3,3,2,0
10750,50000,3,3,2,1
10926,50000,3,2,2,0
11041,50000,3,2,2,0
11116,50000,3,2,2,0
11176,50000,3,2,2,0
11279,50000,3,3,2,0
11436,50000,3,3,2,1
11936,50000,3,2,2,0
12339,50000,3,3,3,1
12570,50000,3,3,3,1
12603,50000,3,3,2,1
12898,50000,3,3,3,1
13052,50000,3,3,2,1
13053,50000,3,3,4,0
13061,50000,3,3,2,0
13398,50000,3,2,2,1
13421,50000,3,3,2,0
13562,50000,3,3,2,0
13963,50000,3,2,2,0
14018,50000,3,3,2,1
14481,50000,3,2,2,0
14703,50000,3,2,2,0
14943,50000,3,2,2,0
15010,50000,3,3,2,0
15437,50000,3,3,2,0
15491,50000,3,3,2,1
15820,50000,3,2,2,1
15939,50000,3,2,3,1
15943,50000,3,3,2,1
15948,50000,3,3,2,1
16017,50000,3,2,2,1
16055,50000,3,3,3,1
16225,50000,3,3,2,0
16611,50000,3,3,2,1
16622,50000,3,3,2,1
16768,50000,3,2,2,1
16823,50000,3,3,2,1
16979,50000,3,3,2,0
17127,50000,3,3,2,1
17304,50000,3,3,2,1
17534,50000,3,3,2,1
17549,50000,3,3,2,1
17720,50000,3,3,2,1
17888,50000,3,2,2,0
18371,50000,3,3,2,1
18442,50000,3,3,2,1
18722,50000,3,3,2,0
18857,50000,3,3,2,0
18926,50000,3,3,2,0
19091,50000,3,2,3,1
19120,50000,3,3,2,0
19265,50000,3,3,3,0
19644,50000,3,2,2,1
20505,50000,3,3,2,0
20598,50000,3,3,4,1
20629,50000,3,2,2,1
20852,50000,3,2,2,0
20940,50000,3,3,2,0
20978,50000,3,2,2,1
21000,50000,3,2,2,1
21010,50000,3,3,3,1
21014,50000,3,3,4,0
21403,50000,3,3,2,1
21584,50000,3,3,2,1
21619,50000,3,3,2,0
21859,50000,3,2,2,0
22149,50000,3,3,2,1
22211,50000,3,3,3,0
22483,50000,3,3,3,1
22959,50000,3,2,3,1
23139,50000,3,3,3,0
24054,50000,3,3,2,0
24082,50000,3,2,2,1
24088,50000,3,3,2,0
24207,50000,3,2,2,1
24329,50000,3,3,4,1
24729,50000,3,3,2,1
24912,50000,3,3,2,0
24929,50000,3,2,2,0
25159,50000,3,2,3,0
25911,50000,3,3,2,1
26367,50000,3,3,2,1
26635,50000,3,2,2,1
26705,50000,3,2,2,1
26834,50000,3,3,2,1
27222,50000,3,2,2,0
27504,50000,3,2,2,0
27614,50000,3,3,2,0
27627,50000,3,3,2,0
27894,50000,3,2,2,0
28027,50000,3,3,2,0
28075,50000,3,2,2,1
28121,50000,3,3,2,0
28491,50000,3,3,3,0
28632,50000,3,2,3,0
28860,50000,3,2,2,0
29076,50000,3,2,2,0
29158,50000,3,3,3,1
29174,50000,3,3,2,0
29241,50000,3,2,2,0
29269,50000,3,3,2,0
29648,50000,3,2,2,0
29684,50000,3,3,2,1
29755,50000,3,2,2,0
29872,50000,3,2,2,1
29892,50000,3,3,3,0
665,40000,3,3,2,0
851,40000,3,3,6,0
1445,40000,3,2,3,1
3481,40000,3,3,2,1
5340,40000,3,3,2,0
6247,40000,3,3,2,0
6366,40000,3,3,2,0
8961,40000,3,3,2,1
9229,40000,3,2,2,0
10175,40000,3,3,2,1
10317,40000,3,2,2,0
12268,40000,3,3,2,1
13894,40000,3,3,2,0
15161,40000,3,3,2,1
16759,40000,3,3,3,1
17884,40000,3,2,3,1
21881,40000,3,3,2,1
26624,40000,3,3,2,1
28404,40000,3,2,2,1
116,30000,3,3,3,1
200,30000,3,2,2,1
377,30000,3,2,2,0
791,30000,3,2,2,0
852,30000,3,2,2,0
1009,30000,3,3,4,0
1102,30000,3,3,2,1
1961,30000,3,3,3,1
2187,30000,3,3,3,1
2321,30000,3,3,3,0
2348,30000,3,2,2,0
2417,30000,3,3,2,1
2437,30000,3,3,2,1
2510,30000,3,3,2,1
2591,30000,3,2,2,0
2699,30000,3,2,3,0
2706,30000,3,3,2,1
2821,30000,3,3,3,1
2851,30000,3,3,2,1
3020,30000,3,3,2,1
3245,30000,3,3,2,0
3300,30000,3,2,2,0
3819,30000,3,2,2,1
3863,30000,3,2,2,1
3907,30000,3,2,2,1
4454,30000,3,3,3,1
4550,30000,3,3,2,1
4582,30000,3,3,3,0
4908,30000,3,3,2,1
5115,30000,3,3,2,0
5418,30000,3,3,3,1
5649,30000,3,2,2,0
6174,30000,3,3,2,1
6279,30000,3,3,4,1
6552,30000,3,2,2,0
6705,30000,3,3,2,0
6893,30000,3,3,3,1
6948,30000,3,2,2,1
7052,30000,3,3,3,1
7058,30000,3,2,2,1
7432,30000,3,3,2,1
7495,30000,3,3,3,0
7980,30000,3,3,2,0
8125,30000,3,3,2,0
8163,30000,3,2,2,0
8597,30000,3,3,2,0
9018,30000,3,2,2,1
9182,30000,3,3,2,1
9290,30000,3,3,2,1
9334,30000,3,2,2,1
9335,30000,3,3,2,1
9952,30000,3,3,2,1
9986,30000,3,2,2,1
10037,30000,3,3,2,1
10090,30000,3,3,2,0
10210,30000,3,3,3,0
10308,30000,3,2,2,1
10709,30000,3,3,2,1
11027,30000,3,2,2,1
11234,30000,3,3,2,0
11458,30000,3,3,2,1
11820,30000,3,3,2,0
11940,30000,3,3,2,1
11997,30000,3,2,3,0
12077,30000,3,3,3,1
12224,30000,3,3,2,0
12592,30000,3,2,2,0
12918,30000,3,3,4,1
13447,30000,3,2,2,0
13837,30000,3,3,2,0
14290,30000,3,3,2,0
14470,30000,3,3,2,0
14497,30000,3,3,2,0
14501,30000,3,2,2,0
14592,30000,3,2,2,0
14799,30000,3,2,3,0
14812,30000,3,3,2,1
15068,30000,3,2,3,1
15259,30000,3,2,2,0
15667,30000,3,2,2,0
15671,30000,3,2,2,1
15845,30000,3,3,2,0
15850,30000,3,3,2,1
15961,30000,3,3,2,1
16114,30000,3,3,2,1
16346,30000,3,2,2,0
16479,30000,3,3,2,1
16620,30000,3,2,2,1
16628,30000,3,3,3,1
16699,30000,3,2,2,0
16860,30000,3,2,3,1
17014,30000,3,3,2,1
17038,30000,3,3,2,1
18259,30000,3,3,3,0
18356,30000,3,3,2,1
18502,30000,3,3,2,0
18567,30000,3,2,2,0
19052,30000,3,2,2,0
19092,30000,3,3,2,1
19207,30000,3,3,2,1
19452,30000,3,2,2,1
19457,30000,3,2,2,0
19537,30000,3,3,2,0
19803,30000,3,3,2,1
20198,30000,3,3,2,1
20532,30000,3,3,3,0
20673,30000,3,3,3,1
21103,30000,3,3,2,0
21293,30000,3,2,2,1
21556,30000,3,3,2,1
21563,30000,3,2,2,1
21707,30000,3,3,3,0
22455,30000,3,2,2,0
22839,30000,3,3,2,1
22882,30000,3,3,2,0
23670,30000,3,3,2,0
23768,30000,3,2,2,0
23838,30000,3,2,2,0
24062,30000,3,2,2,0
24276,30000,3,3,2,1
24391,30000,3,2,2,1
25229,30000,3,2,2,0
25284,30000,3,2,3,1
25553,30000,3,3,2,1
25862,30000,3,3,2,1
25962,30000,3,3,2,1
26110,30000,3,3,2,0
26146,30000,3,3,2,1
26358,30000,3,3,3,0
26371,30000,3,3,3,0
26495,30000,3,2,2,0
26613,30000,3,3,3,0
27312,30000,3,3,2,1
27644,30000,3,2,2,0
27816,30000,3,3,2,0
28863,30000,3,3,3,0
29118,30000,3,3,2,0
29322,30000,3,3,2,1
29676,30000,3,2,2,0
29724,30000,3,2,2,0
29963,30000,3,3,4,1
90,20000,3,3,2,0
232,20000,3,2,2,1
527,20000,3,2,2,0
670,20000,3,3,2,1
802,20000,3,3,4,1
977,20000,3,2,2,1
1155,20000,3,2,2,0
1358,20000,3,3,2,1
1388,20000,3,2,2,0
1697,20000,3,2,2,1
1706,20000,3,3,2,1
1740,20000,3,3,3,0
1767,20000,3,3,2,1
1932,20000,3,3,2,1
1937,20000,3,2,2,1
2012,20000,3,3,3,1
2071,20000,3,3,2,0
2425,20000,3,3,2,0
2935,20000,3,2,2,1
3194,20000,3,3,3,1
3278,20000,3,3,3,0
3548,20000,3,2,2,1
4324,20000,3,3,3,0
4788,20000,3,2,3,0
5018,20000,3,2,2,0
5149,20000,3,2,2,1
5321,20000,3,3,2,0
5550,20000,3,2,2,0
5654,20000,3,3,2,0
6194,20000,3,2,2,0
6276,20000,3,3,2,0
6335,20000,3,3,2,0
6604,20000,3,3,4,0
6620,20000,3,2,2,1
6632,20000,3,3,2,1
6797,20000,3,3,2,1
6834,20000,3,2,2,1
6987,20000,3,3,2,0
7079,20000,3,2,3,1
7265,20000,3,3,2,0
7273,20000,3,2,2,0
7470,20000,3,3,2,1
7662,20000,3,3,4,1
8212,20000,3,3,2,1
8558,20000,3,2,2,1
8590,20000,3,2,2,0
8968,20000,3,2,3,0
9251,20000,3,2,2,1
9797,20000,3,3,2,0
10204,20000,3,2,2,0
10235,20000,3,3,2,1
10587,20000,3,3,2,0
11266,20000,3,3,4,0
11327,20000,3,3,2,1
11339,20000,3,3,2,1
11397,20000,3,3,4,0
11438,20000,3,3,2,0
12119,20000,3,2,2,0
12368,20000,3,3,4,1
12529,20000,3,3,2,0
12744,20000,3,2,3,1
12891,20000,3,3,3,1
13231,20000,3,2,2,1
13240,20000,3,2,2,0
13283,20000,3,3,2,0
13563,20000,3,3,2,1
13773,20000,3,3,3,1
13796,20000,3,3,2,1
13885,20000,3,3,2,1
13888,20000,3,2,2,1
13985,20000,3,2,2,1
14029,20000,3,3,3,1
14132,20000,3,3,2,1
14141,20000,3,2,2,0
14219,20000,3,2,2,1
14270,20000,3,2,2,0
14363,20000,3,3,2,0
14406,20000,3,2,2,1
14510,20000,3,3,2,1
14638,20000,3,3,2,0
14743,20000,3,2,3,0
14752,20000,3,3,2,1
15048,20000,3,2,3,0
15223,20000,3,3,2,1
15279,20000,3,3,2,0
15446,20000,3,3,2,1
15541,20000,3,3,2,0
15546,20000,3,3,2,1
15673,20000,3,2,2,0
15737,20000,3,2,2,0
15884,20000,3,3,3,0
16036,20000,3,2,2,0
16314,20000,3,3,3,0
16435,20000,3,3,4,1
16450,20000,3,3,2,1
16513,20000,3,3,3,0
17142,20000,3,3,2,1
17239,20000,3,2,2,1
17269,20000,3,3,3,1
17529,20000,3,2,2,1
17644,20000,3,3,2,0
17832,20000,3,3,3,1
17897,20000,3,3,2,1
17962,20000,3,2,2,0
18145,20000,3,3,2,1
18164,20000,3,3,3,0
18323,20000,3,3,3,1
18330,20000,3,2,2,0
18334,20000,3,2,3,0
18346,20000,3,2,2,1
19104,20000,3,3,2,0
19737,20000,3,2,2,1
19809,20000,3,3,3,1
19944,20000,3,2,2,1
20342,20000,3,2,2,1
20356,20000,3,2,2,0
20372,20000,3,3,2,1
20481,20000,3,2,2,1
20657,20000,3,3,7,1
20664,20000,3,2,2,1
20760,20000,3,3,2,1
20796,20000,3,2,2,1
20817,20000,3,3,2,1
20966,20000,3,3,2,1
21326,20000,3,2,2,0
21337,20000,3,2,2,1
21506,20000,3,3,3,1
21522,20000,3,3,2,1
21538,20000,3,2,2,1
22267,20000,3,2,2,1
22271,20000,3,3,2,1
22609,20000,3,2,3,0
23287,20000,3,3,3,0
23407,20000,3,3,2,0
23445,20000,3,3,2,1
23633,20000,3,2,2,1
23879,20000,3,3,2,1
23992,20000,3,3,4,1
23993,20000,3,3,2,1
24384,20000,3,2,2,1
24497,20000,3,3,5,0
24691,20000,3,2,2,1
24806,20000,3,3,2,1
24863,20000,3,3,3,0
26825,20000,3,3,2,1
27063,20000,3,3,2,0
27496,20000,3,3,2,0
27519,20000,3,2,2,0
27593,20000,3,3,2,1
27902,20000,3,3,2,1
28472,20000,3,2,2,0
29210,20000,3,3,2,0
29503,20000,3,2,2,0
29509,20000,3,2,2,0
67,10000,3,3,2,1
368,10000,3,3,2,0
533,10000,3,3,2,1
1987,10000,3,2,3,0
3579,10000,3,3,2,0
4494,10000,3,2,2,1
6656,10000,3,2,2,0
6830,10000,3,3,2,1
7258,10000,3,3,3,0
8543,10000,3,3,2,0
8797,10000,3,3,2,0
10150,10000,3,3,2,1
11769,10000,3,2,2,1
12518,10000,3,3,3,0
12598,10000,3,2,2,0
16217,10000,3,3,3,1
17073,10000,3,3,2,1
17461,10000,3,2,2,1
17486,10000,3,3,2,0
18208,10000,3,3,3,0
19786,10000,3,3,2,1
20373,10000,3,2,2,0
21208,10000,3,2,2,0
21620,10000,3,2,2,0
21690,10000,3,3,3,1
26612,10000,3,2,2,1
26626,10000,3,2,2,0
27438,10000,3,2,2,0
28552,10000,3,3,2,0
28617,10000,3,2,3,1
29675,10000,3,3,2,0
29810,10000,3,3,2,1
29812,10000,3,2,3,1
